Company,Ticker
AGILENT TECHNOLOGIES,A
ALCOA CORPORATION,AA
AADI BIOSCIENCE INC,AADI
AMERICAN AIRLINES GROUP,AAL
THE AARONS COMPANY,AAN
AAON INC,AAON
ADVANCE AUTO PARTS,AAP
APPLE INC.,AAPL
AMERICAN ASSETS TRUST INC.,AAT
ATLAS AIR WORLDWIDE HOLDINGS,AAWW
ABBVIE INC,ABBV
AMERISOURCEBERGEN,ABC
AMERIS BANCORP,ABCB
ABCELLERA BIOLOGICS,ABCL
ASBURY AUTOMOTIVE GROUP INC,ABG
ABM INDUSTRIES INC,ABM
ABIOMED INC,ABMD
AIRBNB,ABNB
ARBOR REALTY TRUST,ABR
ABSCI,ABSI
ABBOTT LABORATORIES,ABT
ALLEGIANCE BANCSHARES,ABTX
ARBUTUS BIOPHARMA CORP.,ABUS
ASSOCIATED CAPITAL GROUP,AC
ARCOSA,ACA
ACADIA PHARMACEUTICALS,ACAD
AMERICAN CAMPUS COMMUNITIES,ACC
ACCOLADE,ACCD
ACCO BRANDS,ACCO
ACCEL ENTERTAINMENT (A),ACEL
ADICET BIO INC,ACET
ARCH CAPITAL GP,ACGL
ACADIA HEALTHCARE,ACHC
ARCHER AVIATION INC (A),ACHR
ALBERTSONS COMPANIES,ACI
ACI WORLDWIDE,ACIW
AXCELIS TECHS,ACLS
ARCELLX INC,ACLX
AECOM,ACM
ACM RESEARCH,ACMR
ACCENTURE CL A,ACN
ACNB CORP.,ACNB
ARES COMMERCIAL REAL ESTATE,ACRE
ACLARIS THERAPEUTICS,ACRS
ENACT HOLDINGS,ACT
ACV AUCTIONS,ACVA
ADOBE,ADBE
AGREE REALTY,ADC
ADAGIO THERAPEUTICS,ADGI
ANALOG DEVICES,ADI
ARCHER DANIELS MIDLAND,ADM
ADMA BIOLOGICS INC,ADMA
ADIENT PLC,ADNT
AUTOMATIC DATA PROCESS,ADP
ADAPTIVE BIOTECHNOLOGIES,ADPT
AUTODESK,ADSK
ADT INC,ADT
ADTHEORENT HOLDING COMPANY INC,ADTH
ADTRAN INC,ADTN
ADDUS HOMECARE,ADUS
ADVANTAGE SOLUTIONS INC (A),ADV
AMEREN CORP,AEE
ADVANCED ENERGY INDUSTRIES,AEIS
AMERICAN EQUITY INVESTMENT LIFE,AEL
AMERICAN EAGLE OUTFITTERS,AEO
AMERICAN ELEC POWER COM,AEP
AERIE PHARMACEUTICALS INC,AERI
AES CORP.,AES
AEVA TECHNOLOGIES INC,AEVA
AFC GAMMA,AFCG
AMERICAN FINANCE GROUP HLDG.,AFG
AFLAC,AFL
AFFIMED N.V.,AFMD
AFFIRM HOLDINGS,AFRM
AGCO CORP,AGCO
AGENUS,AGEN
AGIOS PHARMACEUTICALS,AGIO
AGILON HEALTH,AGL
FED AGRICUL MTG,AGM
AGNC INVESTMENT,AGNC
ASSURED GUARANTY,AGO
AVANGRID,AGR
AGILITI,AGTI
ARGAN INC.,AGX
AGILYSYS,AGYS
ADAPTHEALTH,AHCO
ARMADA HOFFLER PROPERTIES,AHH
ASHFORD HOSPITALITY TRUST,AHT
C3 AI,AI
AMERICAN INTL GROUP,AIG
ALTRA INDUSTRIAL MOTION,AIMC
ALBANY INTERNATIONAL A,AIN
ARTERIS,AIP
AAR CORP,AIR
APARTMENT INCOME REIT,AIRC
AIRSCULPT TECHNOLOGIES,AIRS
APPLIED INDUSTRIAL TECHNOLOGY,AIT
APARTMENT INV MANAGEMENT,AIV
ASSURANT,AIZ
ARTHUR J GALLAGHER,AJG
AEROJET ROCKETDYNE HOLDINGS,AJRD
A K A BRANDS HOLDING,AKA
AKAMAI TECHNOLOGIES,AKAM
ACADIA REALTY,AKR
AKERO THERAPEUTICS,AKRO
AKOUSTIS TECHNOLOGIES INC,AKTS
AKOYA BIOSCIENCES,AKYA
AIR LEASE,AL
ALBEMARLE,ALB
ALBIREO PHARMA,ALBO
ALICO INC,ALCO
ALLETE,ALE
ALECTOR,ALEC
ALEXANDER & BALDWIN INC.,ALEX
ALAMO GROUP,ALG
ALLEGRO MICROSYSTEMS,ALGM
ALIGN TECHNOLOGY INC,ALGN
ALLEGIANT TRAVEL,ALGT
ALIGNMENT HEALTHCARE,ALHC
ALIGHT INC (A),ALIT
ALASKA AIR GROUP,ALK
ALKERMES PLC,ALKS
ALKAMI TECHNOLOGY,ALKT
ALLSTATE CORP,ALL
ALLEGION PLC,ALLE
ALLOGENE THERAPEUTICS,ALLO
ALLY FINANCIAL,ALLY
ALNYLAM PHARMACEUTICALS,ALNY
ALPINE IMMUNE SCIENCES,ALPN
ALARM.COM HOLDINGS,ALRM
ALERUS FINANCIAL CORP.,ALRS
ALLISON TRANSMISSION HOLDINGS,ALSN
ALTA EQUIPMENT GROUP INC (A),ALTG
ALTO INGREDIENTS INC,ALTO
ALTAIR ENGINEERING,ALTR
ALLOVIR,ALVR
ALEXANDERS INC,ALX
ALX ONCOLOGY HOLDINGS,ALXO
ANTERO MIDSTREAM CORP,AM
AMALGAMATED FINANCIAL CORP,AMAL
APPLIED MATERIALS,AMAT
AMBARELLA INC,AMBA
AMBAC FINANCIAL GROUP INC,AMBC
ARDAGH METAL PACKAGING SA,AMBP
AMC ENTERTAINMENT,AMC
AMCOR,AMCR
AMC NETWORKS,AMCX
ADVANCED MICRO DEV,AMD
AMETEK INC,AME
AMEDISYS INC,AMED
APOLLO MEDICAL HOLDINGS INC,AMEH
AFFILIATED MANAGERS GROUP,AMG
AMGEN CORP,AMGN
AMERICAN HOMES 4 RENT,AMH
ASSETMARK FINANCIAL HOLDINGS,AMK
AMKOR TECH INC,AMKR
AMYLYX PHARMACEUTICALS,AMLX
AMN HEALTHCARE SERVICES INC,AMN
AMERICAN NATIONAL BANKSHARES,AMNB
ALLIED MOTION TECHNOLOGIES,AMOT
AMERIPRISE FINANCIAL,AMP
AMPHASTAR PHARMACEUTICALS,AMPH
AMPLITUDE INC,AMPL
ALTUS POWER INC (A),AMPS
AMPLIFY ENERGY,AMPY
ALPHA METALLURGICAL RESOURCES INC,AMR
AMERESCO,AMRC
AMARK PRECIOUS METALS,AMRK
AMYRIS,AMRS
AMNEAL PHARMACEUTICALS,AMRX
AMERISAFE,AMSF
AMERICAN SOFTWARE CLASS A,AMSWA
AMERICAN TOWER CORP,AMT
AMERANT BANCORP (A),AMTB
AEMETIS,AMTX
AMERICAN WOODMARK,AMWD
AMERICAN WELL,AMWL
AMAZON.COM,AMZN
AUTONATION,AN
ANAPTYS BIO,ANAB
ANDERSONS INC,ANDE
ARISTA NETWORKS,ANET
ABERCROMBIE & FITCH A,ANF
ANGIODYNAMICS,ANGO
ANIKA THERAPEUT,ANIK
ANI PHARMACEUTICALS,ANIP
ANSYS INC,ANSS
ANTHEM,ANTM
AN2 THERAPEUTICS,ANTX
ANGEL OAK MORTGAGE,AOMR
AON PLC,AON
ARTIVION INC,AORT
SMITH (AO),AOS
ALPHA & OMEGA SEMICONDUCTOR,AOSL
APA CORPORATION,APA
ARTISAN PARTNERS ASSET MANAGEMENT,APAM
AIR PRODUCTS & CHEMICALS INC,APD
AMERICAN PUBLIC EDUCATION,APEI
API GROUP,APG
AMPHENOL CORP A,APH
APPLIED BLOCKCHAIN,APLD
APPLE HOSPITALITY REIT,APLE
APELLIS PHARMACEUTICALS,APLS
APOLLO GLOBAL MANAGEMENT INC,APO
APOGEE ENTERPRISES,APOG
APPLOVIN,APP
APPFOLIO,APPF
APPHARVEST INC,APPH
APPIAN,APPN
DIGITAL TURBINE,APPS
APTIV PLC,APTV
EVOQUA WATER TECHNOLOGIES,AQUA
ANTERO RESOURCES,AR
ARCBEST CORP,ARCB
ARCH RESOURCES INC,ARCH
ARCTURUS THERAPEUTICS HOLDINGS INC,ARCT
ALEXANDRIA REAL ESTATE EQUITY,ARE
ARENA GROUP HOLDINGS,AREN
ARES MANAGEMENT CORPORATION,ARES
ARGO GROUP INTL,ARGO
APOLLO COMMERCIAL REAL ESTATE FINANCE,ARI
ARIS WATER SOLUTIONS,ARIS
ARKO CORP (A),ARKO
AMER RLTY INV,ARL
ARLO TECHNOLOGIES,ARLO
ARAMARK,ARMK
ARCONIC CORPORATION,ARNC
ARCHROCK,AROC
ARROW FINANCIAL,AROW
ARCUTIS BIOTHERAPEUTICS,ARQT
ARMOUR RESIDENTIAL REIT,ARR
ARRAY TECHNOLOGIES,ARRY
ARTESIAN RES A,ARTNA
ARVINAS HOLDING,ARVN
ARROW ELECTRONICS,ARW
ARROWHEAD PHARMACEUTICALS INC.,ARWR
ASANA,ASAN
ASSOCIATED BANC-CORP,ASB
ARDMORE SHIPPING,ASC
ASGN INCORPORATED,ASGN
ASHLAND GLOBAL HOLDINGS INC,ASH
ADVANSIX,ASIX
AERSALE CORPORATION,ASLE
ACADEMY SPORTS AND OUTDOORS,ASO
ASPEN AEROGELS,ASPN
ASTEC INDS INC,ASTE
ASTRA SPACE INC,ASTR
ATLAS TECHNICAL CONSULTANTS INC (A),ATCX
ALPHATEC HOLDINGS INC.,ATEC
A10 NETWORKS,ATEN
ATERIAN INC,ATER
ANTERIX,ATEX
ADTALEM GLOBAL EDUCATION,ATGE
ATHIRA PHARMA,ATHA
ALLEGHENY TECHNOLOGIES,ATI
ATI PHYSICAL THERAPY INC (A),ATIP
ATKORE INC,ATKR
ATLANTICUS HOLDINGS CORP,ATLC
ATN INTERNATIONAL,ATNI
ATMOS ENERGY,ATO
ATOMERA,ATOM
APTARGROUP,ATR
ATARA BIOTHERAPEUTICS,ATRA
ATRICURE,ATRC
ATRION CORP,ATRI
ASTRONICS,ATRO
AIR TRANSPORT SERVICES GROUP,ATSG
ALTICE USA,ATUS
ACTIVISION BLIZZARD,ATVI
ATLANTIC UNION BANKSHARES,AUB
AUDACY,AUD
AURINIA PHARMACEUTICALS NASDAQ,AUPH
AURA BIOSCIENCES,AURA
AVISTA CORP,AVA
AVEANNA HEALTHCARE HOLDINGS,AVAH
AEROVIRONMENT,AVAV
AVALONBAY COMMUNITIES,AVB
AMERICAN VANGUARD,AVD
AVIDXCHANGE HOLDINGS,AVDX
BROADCOM,AVGO
AVID TECHNOLOGY,AVID
ATEA PHARMACEUTICALS,AVIR
AVALARA,AVLR
AVANOS MEDICAL,AVNS
AVIENT CORP,AVNT
AVIAT NETWORKS,AVNW
MISSION PRODUCE,AVO
AVEPOINT INC (A),AVPT
AVNET,AVT
AEROVATE THERAPEUTICS,AVTE
AVANTOR,AVTR
ANAVEX LIFE SCIENCES,AVXL
AVERY DENNISON CORP,AVY
AVAYA HOLDINGS,AVYA
ARMSTRONG WORLD INDUSTRIES INC.,AWI
AMERICAN WATER WORKS COMPANY,AWK
AMERICAN STATES WATER,AWR
AXOS FINANCIAL,AX
AXOGEN,AXGN
AMERICAN AXLE & MFG HOLDINGS,AXL
AXONICS INC,AXNX
AXON ENTERPRISE,AXON
AMERICAN EXPRESS COM,AXP
AXIS CAPITAL HOLDINGS,AXS
AXSOME THERAPEUTICS,AXSM
AXALTA COATING SYSTEMS,AXTA
AXT INC,AXTI
ACUITY BRANDS INC,AYI
ALTERYX,AYX
THE AZEK COMPANY,AZEK
AUTOZONE,AZO
ASPEN TECHNOLOGY,AZPN
AZENTA INC,AZTA
AZZ INC,AZZ
BARNES GROUP INC,B
BOEING,BA
BANK OF AMERICA,BAC
BOOZ ALLEN HAMILTON,BAH
BALL CORP,BALL
BALLYS CORPORATION,BALY
BANC OF CALIFORNIA,BANC
BANDWIDTH CLASS A,BAND
BANCFIRST,BANF
BANNER CORP,BANR
BARK INC (A),BARK
COUCHBASE,BASE
BATTALION OIL CORPORATION,BATL
LIBERTY BRAVES SERIES A,BATRA
LIBERTY BRAVES SERIES C,BATRK
BAXTER INTL,BAX
BED BATH BEYOND,BBBY
CONCRETE PUMPING HOLDINGS (A),BBCP
VINCO VENTURES INC,BBIG
BRIDGEBIO PHARMA,BBIO
BABYLON HOLDINGS LTD (A),BBLN
BARRETT BUS,BBSI
BROOKFIELD BUSINESS CORPORATION,BBUC
BUILD-A-BEAR WORKSHOP,BBW
BATH & BODY WORKS INC,BBWI
BEST BUY COMPANY,BBY
BRUNSWICK CORP,BC
BCB BANCORP INC.,BCBP
BOISE CASCADE COMPANY,BCC
BAYCOM,BCML
BRINKS CO,BCO
BLUCORA,BCOR
BRIGHTCOVE,BCOV
BALCHEM,BCPC
BIOCRYST PHARM,BCRX
BELDEN,BDC
BRANDYWINE RLTY,BDN
BECTON DICKINSON,BDX
BLOOM ENERGY,BE
BEAM THERAPEUTICS,BEAM
BEACON ROOFING SUPPLY,BECN
FRANKLIN RESOURCES,BEN
BROOKFIELD RENEWABLE CORPORATION,BEPC
BERRY GLOBAL GROUP,BERY
BROWN-FORMAN CLASS A,BF.A
BROWN-FORMAN B,BF.B
BRIGHT HORIZONS FAMILY SOLUTIONS,BFAM
BANK FIRST,BFC
BREAD FINANCIAL HOLDING INC,BFH
BUTTERFLY NETWORK INC (A),BFLY
SAUL CENTERS,BFS
BUSINESS FIRST BANCSHARES,BFST
BUNGE,BG
BGC PARTNERS,BGCP
BIG 5 SPORTING GOODS CORP,BGFV
BERKSHIRE GREY INC (A),BGRY
B&G FOODS,BGS
BIGLARI HOLDINGS B,BH
BAR HARBOR BK,BHB
BENCHMARK ELECT,BHE
BRIGHTHOUSE FINANCIAL,BHF
BRIGHT HEALTH GROUP,BHG
BENSON HILL INC,BHIL
BERKSHIRE HILLS BANCORP,BHLB
BRAEMAR HOTELS & RESORTS,BHR
BIOHAVEN PHARMACEUTICALS HOLDINGS,BHVN
BIG LOTS,BIG
BIGCOMMERCE HOLDINGS,BIGC
BIOGEN,BIIB
BILL.COM HOLDINGS,BILL
BIO-RAD LABS A,BIO
BROOKFIELD INFRASTRUCTURE,BIPC
ALLBIRDS,BIRD
BJ'S WHOLESALE CLUB HOLDINGS,BJ
BJS RESTAURANTS,BJRI
BANK OF NEW YORK MELLON,BK
BROOKDALE SENIOR LIVING,BKD
BUCKLE INC,BKE
BLACK HILLS CORP,BKH
BLACK KNIGHT,BKI
BAKKT HOLDINGS INC (A),BKKT
BOOKING HOLDINGS,BKNG
BAKER HUGHES COMPANY,BKR
BANKUNITED,BKU
BLACKLINE,BL
BLUE BIRD,BLBD
TOPBUILD,BLD
BLADE AIR MOBILITY INC (A),BLDE
BUILDERS FIRSTSOURCE INC.,BLDR
BIOLIFE SOLUTIONS INC,BLFS
BLUE FOUNDRY BANCORP,BLFY
BERKELEY LIGHTS,BLI
BLACKROCK INC,BLK
BLACKBAUD,BLKB
BLOOMIN BRANDS,BLMN
BLEND LABS,BLND
BLINK CHARGING,BLNK
BLUEBIRD BIO,BLUE
BANCO LATINOAMERICANO DE COMERCIO EXTERI,BLX
BUMBLE,BMBL
BADGER METER,BMI
BANK OF MARIN BANCORP,BMRC
BIOMARIN PHARM,BMRN
BRISTOL MYERS SQUIBB,BMY
BENEFITFOCUS,BNFT
BIONANO GENOMICS INC,BNGO
BROADSTONE NET LEASE,BNL
BOSTON OMAHA,BOC
THE BEACHBODY COMPANY INC (A),BODY
BANK OF HAWAII,BOH
BOK FINANCIAL CORP,BOKF
DMC GLOBAL,BOOM
BOOT BARN HOLDINGS,BOOT
BORR DRILLING,BORR
BOWLERO CORP (A),BOWL
BOX INC,BOX
BOXED INC (A),BOXD
BLUEPRINT MEDICINES,BPMC
POPULAR INC,BPOP
BROADRIDGE FINANCIAL SOLUTIONS,BR
BELLRING BRANDS,BRBR
BLUE RIDGE BANKSHARES,BRBS
BRADY CORP,BRC
BRC INC (A),BRCC
BIRD GLOBAL INC (A),BRDS
BLUEROCK RESIDENTIAL GROWTH REIT,BRG
BERKSHIRE HATHAWAY B,BRK.B
BROOKLINE BANCORP INC,BRKL
BRUKER,BRKR
BROADMARK REALTY CAPITAL INC (A),BRMK
BROWN & BROWN,BRO
BRP GROUP,BRP
BRIGHTSPIRE CAPITAL INC (A),BRSP
BRT APARTMENTS,BRT
BRIXMOR PROPERTY GROUP,BRX
BERRY CORPORATION,BRY
BRIGHTSPHERE INVESTMENT GROUP INC,BSIG
SIERRA BANCORP/CA,BSRR
BOSTON SCIENTIFIC CORP,BSX
BENTLEY SYSTEMS,BSY
BIOXCEL THERAPEUTICS,BTAI
BTRS HOLDINGS INC (A),BTRS
PEABODY ENERGY CORP,BTU
BURLINGTON STORES,BURL
FIRST BUSEY,BUSE
BRIGHTVIEW HOLDINGS,BV
BLUEGREEN VACATIONS HOLDING CORPORATION,BVH
BIOVENTUS,BVS
BABCOCK & WILCOX ENTERPRISES,BW
BORGWARNER,BWA
BRIDGEWATER BANCSHARES,BWB
BANKWELL FINANCIAL GROUP,BWFG
BWX TECHNOLOGIES,BWXT
BLACKSTONE INC,BX
BLUELINX HOLDINGS,BXC
BLACKSTONE MORTGAGE TRUST,BXMT
BOSTON PROPERTIES,BXP
BYLINE BANCORP,BY
BOYD GAMING,BYD
BEYOND MEAT,BYND
BEAZER HOMES USA,BZH
CITIGROUP,C
CABLE ONE,CABO
CAMDEN NATIONAL,CAC
CREDIT ACCEPTANCE CP,CACC
CACI INC CL A,CACI
CADENCE BANK,CADE
CONAGRA BRANDS INC,CAG
CARDINAL HEALTH,CAH
CHEESECAKE FACTORY (THE),CAKE
CALERES,CAL
CAL-MAINE FOODS,CALM
CALIX NETWORKS,CALX
CANO HEALTH INC (A),CANO
AVIS BUDGET GROUP,CAR
CARA THERAPEUTICS,CARA
CARTER BANKSHARES INC,CARE
CARGURUS CLASS A,CARG
CARRIER GLOBAL,CARR
CARS.COM,CARS
CASA SYSTEMS,CASA
META FINANCIAL GROUP,CASH
CASS INFORMATION SYSTEMS,CASS
CASEYS GENERAL STORES,CASY
CATERPILLAR,CAT
CAMBRIDGE BANCORP,CATC
CATO CORP CL A,CATO
CATHAY BANCORP,CATY
CHUBB LTD,CB
COLONY BANKCORP,CBAN
CBL & ASSOCIATES PROPERTIES,CBL
CAPITAL BANCORP,CBNK
CBOE GLOBAL MARKETS,CBOE
CBRE GROUP,CBRE
CRACKER BARREL OLD COUNTRY STORE,CBRL
COMMERCE BANCSHARES,CBSH
CABOT CORP,CBT
CBTX,CBTX
COMMUNITY BANK SYS,CBU
CBIZ,CBZ
CHEMOURS COMPANY,CC
COASTAL FINANCIAL,CCB
CAPITAL CITY BANK GP,CCBG
C4 THERAPEUTICS,CCCC
CCC INTELLIGENT SOLUTIONS HOLDINGS INC (,CCCS
CHASE CORP,CCF
CROWN CASTLE INTL CORP,CCI
CROWN HOLDINGS,CCK
CARNIVAL CORP A,CCL
CMC MATERIALS INC,CCMP
CNB FINANCIAL,CCNE
CLEAR CHANNEL OUTDOOR HOLDINGS,CCO
COGENT COMMUNICATIONS HOLDINGS,CCOI
CROSS COUNTRY HEALTHCARE,CCRN
CENTURY COMMUNITIES,CCS
CONSENSUS CLOUD SOLUTIONS,CCSI
CHEMOCENTRYX INC,CCXI
CERIDIAN HCM HOLDING,CDAY
COEUR MINING INC,CDE
CENTENNIAL RESOURCE DEVELOPMENT,CDEV
CDK GLOBAL,CDK
CARDLYTICS,CDLX
AVID BIOSERVICES,CDMO
CAREDX INC,CDNA
CADENCE DESIGN SYSTEMS,CDNS
CEDAR REALTY TRUST,CDR
CADRE HOLDINGS,CDRE
CDW,CDW
CODEXIS,CDXS
CELANESE,CE
CONSTELLATION ENERGY,CEG
CONSOL ENERGY,CEIX
CELSIUS HOLDINGS INC.,CELH
CELULARITY INC (A),CELU
CENNTRO ELECTRIC GROUP,CENN
CENTRAL GARDEN & PET,CENT
CENTRAL GARDEN &  PET CO  A,CENTA
CENTURY ALUMINIUM,CENX
CEREVEL THERAPEUTICS HOLDINGS (A),CERE
CERUS CORP,CERS
CERTARA,CERT
CEVA,CEVA
CF INDUSTRIES HOLDINGS,CF
CROSSFIRST BANKSHARES,CFB
CAPITOL FEDERAL FINANCIAL,CFFN
CITIZENS FINANCIAL GROUP,CFG
CONFLUENT,CFLT
CULLEN FROST BANKERS,CFR
CARLYLE GROUP INC,CG
CULLINAN ONCOLOGY INC,CGEM
COGNEX CORP,CGNX
CITY HOLDING,CHCO
COMMUNITY HEALTHCARE TRUST,CHCT
CHURCH & DWIGHT,CHD
CHURCHILL DOWNS,CHDN
CHEMED,CHE
CHEFS WAREHOUSE HOLDINGS,CHEF
CHEGG,CHGG
CHOICE HOTELS INTERNATIONAL,CHH
CHESAPEAKE ENERGY,CHK
CHANGE HEALTHCARE,CHNG
CHARGEPOINT HOLDINGS INC (A),CHPT
COHERUS BIOSCIENCES,CHRS
C.H. ROBINSON WORLDWIDE,CHRW
CHICOS FAS INC,CHS
CHARTER COMMUNICATIONS INC. CL A,CHTR
CHUY'S HOLDINGS INC,CHUY
CHAMPIONX CORPORATION,CHX
CIGNA CORP,CI
CIENA,CIEN
CIPHER MINING INC,CIFR
CHIMERA INVESTMENT,CIM
CINCOR PHARMA,CINC
CINCINNATI FIN CP,CINF
CITY OFFICE REIT,CIO
CIRCOR INTL,CIR
CERBERUS CYBER SENTINEL,CISO
CIVISTA BANCSHARES,CIVB
CIVITAS RESOURCES INC,CIVI
COMPX INTERNATIONAL,CIX
COLGATE-PALMOLIVE,CL
CLARUS CORPORATION,CLAR
COLUMBIA FINANCIAL,CLBK
CHATHAM LODGING TRUST,CLDT
CELLDEX THERAPEUTICS,CLDX
CLEVELAND-CLIFFS,CLF
CLEARFIELD INC.,CLFD
CLEAN HARBORS,CLH
CLEAN ENERGY FUELS,CLNE
CLOVER HEALTH INVESTMENTS CORP (A),CLOV
CLIPPER REALTY,CLPR
CONTINENTAL RESOURCES OK,CLR
CLEANSPARK,CLSK
CLARIVATE PLC (A),CLVT
CLEARWATER PAPER,CLW
CLOROX,CLX
COMERICA,CMA
CAREMAX INC (A),CMAX
CAMBIUM NETWORKS,CMBM
COMMERCIAL METALS,CMC
COLUMBUS MCKINNON,CMCO
COMCAST A,CMCSA
CME GROUP,CME
CHIPOTLE MEXICAN GRILL,CMG
CUMMINS,CMI
CUMULUS MEDIA,CMLS
COMPASS MINERALS INTERNATIONAL,CMP
COMPOSECURE INC (A),CMPO
CIMPRESS PLC,CMPR
COSTAMARE,CMRE
CHIMERIX INC,CMRX
CMS ENERGY CORP,CMS
CLAROS MORTGAGE TRUST,CMTG
COMTECH TELECOMMUNICATIONS,CMTL
CNA FINANCIAL CORP,CNA
CENTENE CORP,CNC
CONDUENT,CNDT
CINEMARK HOLDINGS INC.,CNK
CORE & MAIN,CNM
CONMED CORP,CNMD
CANNAE HOLDINGS,CNNE
CNO FINANCIAL GROUP,CNO
CONNECTONE BANCORP,CNOB
CENTERPOINT ENERGY,CNP
CORNERSTONE BUILDING BRANDS,CNR
COHEN & STEERS,CNS
CONSOLIDATED COMMUNICATIONS HOLDINGS,CNSL
CENTURY CASINO,CNTY
CONVEY HEALTH SOLUTIONS HOLDINGS INC,CNVY
CNX RESOURCES,CNX
CONCENTRIX,CNXC
PC CONNECTION,CNXN
THE VITA COCO COMPANY,COCO
COMPASS DIVERSIFIED,CODI
CAPITAL ONE FINANCIAL,COF
COGENT BIOSCIENCES INC,COGT
COHERENT INC,COHR
COHU INC,COHU
COINBASE GLOBAL,COIN
COCA-COLA CONSOLIDATED,COKE
COLUMBIA BANKING SYSTEM,COLB
AMERICOLD REALTY TRUST INC,COLD
COLLEGIUM PHARMACEUTICAL,COLL
COLUMBIA SPORTSWEAR CO,COLM
COMMSCOPE HOLDING COMPANY,COMM
COMPASS,COMP
CONN'S,CONN
COOPER COS INC,COO
TRAEGER,COOK
MR. COOPER GROUP,COOP
CONOCOPHILLIPS,COP
CORCEPT THERAPEUTICS,CORT
CORE SCIENTIFIC INC,CORZ
COSTCO WHOLESALE CORP,COST
COTY,COTY
COUPA SOFTWARE,COUP
COURSERA,COUR
COWEN,COWN
COPA HOLDINGS S.A. CL A,CPA
CAMPBELL SOUP,CPB
CALLON PETROLEUM,CPE
CENTRAL PACIFIC FINANCIAL,CPF
CHESAPEAKE UTILITIES CORP,CPK
CAPRI HOLDINGS LIMITED,CPRI
COPART INC,CPRT
CATALYST PHARMACEUTICALS,CPRX
COMPUTER PROGRAMS & SYSTEMS,CPSI
CONSUMER PORTFOLIO,CPSS
CAMDEN PROPERTY,CPT
CEPTON INC (A),CPTN
CRANE HOLDINGS CO,CR
CRA INTERNATIONAL,CRAI
CARIBOU BIOSCIENCES,CRBU
CALIFORNIA RESOURCES,CRC
CRAWFORD CO A,CRD.A
CREDO TECHNOLOGY GROUP HOLDING,CRDO
CHARGE ENTERPRISES,CRGE
CRESCENT ENERGY COMPANY,CRGY
CARTERS,CRI
COMSTOCK RSCS,CRK
CHARLES RIVER LABORATORIES,CRL
SALESFORCE INC,CRM
AMERICA CAR MART,CRMT
CERENCE,CRNC
CRINETICS PHARMACEUTICALS,CRNX
CROCS,CROX
CARPENTER TECH,CRS
CORSAIR GAMING,CRSR
CIRRUS LOGIC,CRUS
CORVEL CORP,CRVL
CROWDSTRIKE HOLDINGS,CRWD
CISCO SYSTEMS,CSCO
COSTAR GROUP,CSGP
CSG SYSTEMS INTL,CSGS
CARDIOVASCULAR SYSTEMS INC,CSII
CARLISLE COS INC,CSL
CENTERSPACE,CSR
CAESARSTONE LTD,CSTE
CASTLE BIOSCIENCES,CSTL
CONSTELLIUM SE,CSTM
CAPSTAR FINANCIAL HOLDINGS,CSTR
CARRIAGE SVCS,CSV
CSW INDUSTRIALS,CSWI
CSX CORP,CSX
CINTAS CORP,CTAS
COMMUNITY TST,CTBI
CTI BIOPHARMA,CTIC
CYTEK BIOSCIENCES,CTKB
CANTALOUPE INC,CTLP
CATALENT,CTLT
CTO REALTY GROWTH INC,CTO
CUSTOM TRUCK ONE SOURCE INC (A),CTOS
COTERRA ENERGY INC,CTRA
CARETRUST REIT,CTRE
CITI TRENDS,CTRN
CTS,CTS
COGNIZANT TECH SOLUTIONS,CTSH
CATCHMARK TIMBER TRUST,CTT
INNOVID CORP (A),CTV
CORTEVA,CTVA
CITRIX SYSTEMS,CTXS
CUBESMART,CUBE
CUSTOMERS BANCORP,CUBI
CURO GROUP HOLDINGS,CURO
TORRID HOLDINGS,CURV
CUTERA,CUTR
COUSINS PROPERTY,CUZ
CVB FINANCIAL,CVBF
CAVCO INDUSTRIES,CVCO
COVETRUS,CVET
CALAVO GROWERS INC,CVGW
CVR ENERGY,CVI
COVENANT LOGISTICS GROUP INC,CVLG
COMMVAULT SYSTEMS,CVLT
CARVANA,CVNA
CVS HEALTH CORPORATION,CVS
CVENT HOLDING CORP (A),CVT
CHEVRON,CVX
CURTISS WRIGHT,CW
CLEARWAY ENERGY (C),CWEN
CLEARWAY ENERGY,CWEN.A
CAMPING WORLD HOLDINGS,CWH
CUSHMAN & WAKEFIELD,CWK
CASELLA WASTE,CWST
CALIFORNIA WATER SERVICE GROUP,CWT
CORECIVIC,CXW
CYBEROPTICS CP,CYBE
COMMUNITY HEALTH SYSTEM,CYH
CRYOPORT INC.,CYRX
CYTOKINETICS,CYTK
CYXTERA TECHNOLOGIES INC (A),CYXT
CITIZENS & NORTHERN,CZNC
CAESARS ENTERTAINMENT INC,CZR
DOMINION ENERGY,D
DELTA AIR LINES,DAL
DANA,DAN
DARLING INGREDIENTS,DAR
DOORDASH,DASH
DAY ONE BIOPHARMACEUTICALS,DAWN
DIEBOLD NIXDORF,DBD
DESIGNER BRANDS,DBI
DIGITALBRIDGE GROUP INC,DBRG
DROPBOX,DBX
DAKOTA GOLD CORP,DC
DOCGO INC,DCGO
DONALDSON CO INC,DCI
DUCOMMUN INC,DCO
DIME COMMUNITY BANCSHARES INC,DCOM
DECIPHERA PHARMACEUTICALS,DCPH
DUCK CREEK TECHNOLOGIES,DCT
DUPONT DE NEMOURS,DD
3-D SYSTEMS,DDD
DATADOG,DDOG
DILLARD'S INC,DDS
DEERE & CO,DE
EASTERLY GOVERNMENT PROPERTIES,DEA
DECKERS OUTDOOR,DECK
DOUGLAS EMMETT,DEI
DELL TECHNOLOGIES,DELL
DENBURY,DEN
DENNYS CORP,DENN
DREAM FINDERS HOMES,DFH
DONNELLEY FINANCIAL SOLUTIONS,DFIN
DISCOVER FINANCIAL SERVICES,DFS
DOLLAR GENERAL,DG
DONEGAL GROUP A,DGICA
DIGI INTERNATIONAL,DGII
QUEST DIAGNOSTICS,DGX
DEFINITIVE HEALTHCARE,DH
DIVERSIFIED HEALTHCARE TRUST,DHC
D.R. HORTON INC,DHI
DIAMOND HILL INVESTMENT GRP,DHIL
DANAHER CORP,DHR
DHT HOLDINGS,DHT
DHI GROUP,DHX
1STDIBS.COM,DIBS
DICE THERAPEUTICS INC,DICE
DINE BRANDS GLOBAL,DIN
HF SINCLAIR CORPORATION,DINO
DIODES INC,DIOD
DISNEY (WALT) COMPANY,DIS
DISH NETWORK,DISH
DAILY JOURNAL,DJCO
DELEK US HOLDINGS,DK
DRAFTKINGS INC (A),DKNG
DICK'S SPORTING GOODS INC,DKS
DOLBY LABS A,DLB
DIGITAL REALTY TRUST,DLR
DULUTH HOLDINGS,DLTH
DOLLAR TREE,DLTR
DELUXE CORP,DLX
DESKTOP METAL INC (A),DM
DIGIMARC CORP.,DMRC
GINKGO BIOWORKS HOLDINGS INC (A),DNA
DUN AND BRADSTREET HOLDINGS,DNB
DENALI THERAPEUTICS,DNLI
DANIMER SCIENTIFIC INC (A),DNMR
NOW INC.,DNOW
KRISPY KREME,DNUT
DIAMOND OFFSHORE DRILLING,DO
PHYSICIANS REALTY TRUST,DOC
DIGITALOCEAN HOLDINGS,DOCN
DOXIMITY,DOCS
DOCUSIGN,DOCU
DOMA HOLDINGS INC (A),DOMA
DOMO INCORPORATED,DOMO
MASONITE INTERNATIONAL CORP,DOOR
DORMAN PRODUCTS,DORM
DOUGLAS ELLIMAN INC,DOUG
DOVER CORP,DOV
DOW INC,DOW
AMDOCS,DOX
DOMINOS PIZZA,DPZ
DUKE REALTY CORP,DRE
DIAMONDROCK HOSPITALITY,DRH
DARDEN RESTAURANTS,DRI
DRIL-QUIP,DRQ
DRIVEN BRANDS HOLDINGS,DRVN
DIVERSEY HOLDINGS,DSEY
DESIGN THERAPEUTICS,DSGN
DISTRIBUTION SOLUTIONS GROUP INC,DSGR
DASEKE INC,DSKE
VIANT TECHNOLOGY,DSP
DYNATRACE,DT
SOLO BRANDS,DTC
DTE ENERGY,DTE
DT MIDSTREAM,DTM
DUKE ENERGY CORP,DUK
DUOLINGO,DUOL
DOUBLEVERIFY HOLDINGS,DV
DAVITA,DVA
DYNAVAX TECHNOLOGIES,DVAX
DEVON ENERGY,DVN
DYNEX CAPITAL,DX
DXC TECHNOLOGY COMPANY,DXC
DEXCOM,DXCM
DESTINATION XL GROUP,DXLG
DXP ENTERPRISES,DXPE
DYCOM INDS INC,DY
DYNE THERAPEUTICS,DYN
DZS INC,DZSI
ELECTRONIC ARTS,EA
GRAFTECH INTERNATIONAL,EAF
BRINKER INTERNATIONAL,EAT
EVENTBRITE,EB
EBAY,EBAY
EASTERN BANKSHARES,EBC
ENNIS,EBF
EBIX INC,EBIX
EMERGENT BIOSOLUTIONS,EBS
ENTERPRISE BANCORP,EBTC
ECOLAB,ECL
CHANNELADVISOR CORP,ECOM
ENCORE CAPITAL GROUP,ECPG
ECOVYST INC,ECVT
CONS EDISON HOLDING,ED
EDITAS MEDICINE,EDIT
EXCELERATE ENERGY,EE
EURONET WORLDWIDE,EEFT
ELLINGTON FINANCIAL INC,EFC
ENTERPRISE FINANCIAL SERVICES,EFSC
EQUIFAX,EFX
EGAIN,EGAN
EAGLE BANCORP,EGBN
8X8,EGHT
EDGIO INC,EGIO
EAGLE BULK SHIPPING,EGLE
EASTGROUP PROPERTIES,EGP
EAGLE PHARMACEUTICALS,EGRX
VAALCO ENERGY,EGY
ENCOMPASS HEALTH,EHC
EHEALTH,EHTH
EMPLOYERS HOLDINGS,EIG
EIGER BIOPHARMACEUTICALS,EIGR
EDISON INTERNATIONAL,EIX
LAUDER (ESTEE),EL
ELANCO ANIMAL HEALTH,ELAN
E.L.F BEAUTY,ELF
EQUITY LIFESTYLE PROPERTIES,ELS
CALLAWAY GOLF,ELY
EMBECTA,EMBC
EMCOR GROUP,EME
EASTMAN CHEMICAL,EMN
EMERSON ELECTRIC,EMR
ENDO INTERNATIONAL PLC,ENDP
ENFUSION,ENFN
ENOCHIAN BIOSCIENCES,ENOB
ENOVIS CORPORATION,ENOV
ENPHASE ENERGY INC,ENPH
ENERGIZER HOLDINGS,ENR
ENERSYS,ENS
ENSIGN GROUP,ENSG
ENANTA PHARMACEUTICALS INC,ENTA
ENTEGRIS INC,ENTG
ENVESTNET,ENV
ENOVA INTERNATIONAL,ENVA
ENOVIX CORP,ENVX
EOG RESOURCES,EOG
EVOLUS,EOLS
EMPIRE PETROLEUM CORP.,EP
ENERPAC TOOL GROUP CORP,EPAC
EPAM SYSTEMS,EPAM
EDGEWELL PERSONAL CARE,EPC
EPR PROPERTIES,EPR
ESSENTIAL PROPERTIES REALTY TRUST,EPRT
EQUITY BANCSHARES,EQBK
EQUITY COMMONWEALTH,EQC
EQUITABLE HOLDINGS,EQH
EQUINIX INC,EQIX
EQUITY RESIDENTIAL,EQR
EQRX INC (A),EQRX
EQT CORPORATION,EQT
ERASCA,ERAS
ERIE INDEMNITY,ERIE
ENERGY RECOVERY INC.,ERII
EVERSOURCE ENERGY,ES
ESAB CORPORATION,ESAB
ESCO TECHNOLOGIES,ESE
ENSTAR GROUP,ESGR
ELEMENT SOLUTIONS,ESI
ENGAGESMART,ESMT
ESSENT GROUP,ESNT
ESPERION THERAPEUTICS INC,ESPR
ESQUIRE FINANCIAL HOLDINGS,ESQ
EMPIRE STATE REALTY TRUST,ESRT
ESSEX PROP TRUST,ESS
ELASTIC N.V.,ESTC
EARTHSTONE ENERGY,ESTE
ETHAN ALLEN INTERIORS,ETD
EATON CORP PLC,ETN
ENTERGY CORP,ETR
EQUITRANS MIDSTREAM,ETRN
ETSY,ETSY
E2OPEN PARENT HOLDINGS INC (A),ETWO
ENVIVA INC,EVA
EVERBRIDGE,EVBG
ENTRAVISION COMMS,EVC
EVERCOMMERCE,EVCM
EVERQUOTE,EVER
EVGO INC (A),EVGO
EVOLENT HEALTH,EVH
EVOLV TECHNOLOGIES HOLDINGS INC (A),EVLV
EVO PAYMENTS,EVOP
EVERCORE,EVR
EVERGY,EVRG
EVERI HOLDINGS,EVRI
EVERTEC,EVTC
EDWARDS LIFESCIENCES,EW
EAST  WEST BANCORP,EWBC
EUROPEAN WAX CENTER,EWCZ
EDGEWISE THERAPEUTICS,EWTX
EXACT SCIENCES,EXAS
EXELON CORPORATION,EXC
EXELIXIS INC,EXEL
EXLSERVICE HOLDINGS,EXLS
EAGLE MATERIALS,EXP
EXPEDITORS INTL WASHINGTON,EXPD
EXPEDIA GROUP,EXPE
EXP WORLD HOLDINGS,EXPI
EXPONENT INC,EXPO
EXPRESS,EXPR
EXTRA SPACE STORAGE,EXR
EXTREME NETWORKS,EXTR
NATIONAL VISION HOLDINGS,EYE
EYEPOINT PHARMACEUTICALS,EYPT
EZCORP INC A,EZPW
FORD MOTOR COMPANY,F
FIRST ADVANTAGE CORPORATION NEW,FA
FIRST AMERICAN FINANCIAL,FAF
DIAMONDBACK ENERGY,FANG
FARO TECHNOLOGY,FARO
FASTENAL CO,FAST
FATE THERAPEUTICS INC,FATE
FATHOM DIGITAL MANUFACTURING CORP (A),FATH
FLAGSTAR BANCORP,FBC
FORTUNE BRANDS HOME & SECURITY,FBHS
FIRST BUSINESS FINANCIAL SERVICES,FBIZ
FB FINANCIAL,FBK
FIRST BANCSHARES INC.,FBMS
FIRST BANCORP,FBNC
FIRST BANCORP PUERTO RICO,FBP
FRANKLIN BSP REALTY TRUST INC,FBRT
FRANKLIN COVEY,FC
FIRST COMMUNITY BANCSHARES,FCBC
FUELCELL ENERGY,FCEL
FIRST COMMONWEALTH FIN,FCF
FIRSTCASH HOLDINGS INC,FCFS
FTI CONSULTING,FCN
FIRST CITIZENS BANCSH A,FCNCA
FOUR CORNERS PROPERTY TRUST,FCPT
FOCUS UNIVERSAL,FCUV
FREEPORT-MCMORAN,FCX
4D MOLECULAR THERAPEUTICS,FDMT
FRESH DEL MONTE,FDP
FACTSET RESEARCH SYSTEMS,FDS
FEDEX CORPORATION,FDX
FIRSTENERGY CORP.,FE
5E ADVANCED MATERIALS INC,FEAM
FRANKLIN ELEC,FELE
FUTUREFUEL CORP.,FF
FIRST FINANCIAL BANCORP,FFBC
FLUSHING FINANCIAL,FFIC
FARADAY FUTURE INTELLIGENT ELECTRIC INC,FFIE
FIRST FINL BANKSHARES,FFIN
F5 INC,FFIV
FIRST FOUNDATION,FFWM
FIRST GUARANTY BANCSHARES,FGBI
FIBROGEN,FGEN
FIRST HAWAIIAN,FHB
FEDERATED HERMES INC,FHI
FIRST HORIZON CORPORATION,FHN
FOGHORN THERAPEUTICS,FHTX
FIRST INTERSTATE BANCSYSTEM,FIBK
FAIR ISAAC,FICO
FIGS INC,FIGS
FIDELITY NATL INFORMATION SERVICES,FIS
FINANCIAL INSTITUTIONS,FISI
FISERV INC,FISV
FIFTH THIRD BANCORP,FITB
FIVE BELOW,FIVE
FIVE9,FIVN
COMFORT SYSTEMS USA,FIX
NATIONAL BEVERAGE,FIZZ
FOOT LOCKER INC,FL
FULGENT GENETICS,FLGT
FIRST LONG ISLAND,FLIC
FULL HOUSE RESORTS INC.,FLL
FLUENCE ENERGY,FLNC
FLEX LNG LIMITED,FLNG
FLOWERS FOODS INC,FLO
FLUOR CORPORATION,FLR
FLOWSERVE CP,FLS
FLEETCOR TECHNOLOGIES,FLT
1-800-FLOWERS.COM CL A,FLWS
FLYWIRE,FLYW
FARMERS & MERCHANTS BANCORP INC.,FMAO
FIRST MID BANCSHARES,FMBH
FMC CORP,FMC
FARMERS NATIONAL BANC CORP.,FMNB
FORMA THERAPEUTICS HOLDINGS,FMTX
FABRINET,FN
PARAGON 28,FNA
F.N.B. CORPORATION,FNB
FLOOR & DECOR HOLDINGS,FND
FNF GROUP,FNF
FUNKO CLASS A,FNKO
THE FIRST BANCORP INC.,FNLC
FINANCE OF AMERICA COMPANIES INC,FOA
FOCUS FINANCIAL PARTNERS,FOCS
AMICUS THERAPEUTICS,FOLD
FORESTAR GROUP,FOR
FORMFACTOR,FORM
FORRESTER RESEARCH,FORR
FOSSIL GROUP,FOSL
SHIFT4 PAYMENTS,FOUR
FOX CORPORATION CLASS B,FOX
FOX CORPORATION CLASS A,FOXA
FOX FACTORY HOLDING,FOXF
FARMLAND PARTNERS REIT,FPI
FIRST INDUSTRIAL REALTY TRUST,FR
FIRST BANK,FRBA
REP FIRST BANCP,FRBK
FIRST REPUBLIC BANK SAN FRANCISCO,FRC
WHOLE EARTH BRANDS INC (A),FREE
FRANCHISE GROUP,FRG
FIRST MERCHANTS,FRME
FRONTLINE,FRO
FRP HOLDINGS,FRPH
FRESHPET,FRPT
PRIMIS FINANCIAL CORP,FRST
FEDERAL REALTY INVS,FRT
FIVE STAR BANCORP,FSBC
FIRST SOLAR INC,FSLR
FASTLY,FSLY
FRANKLIN STREET PROPERTIES,FSP
FISKER INC (A),FSR
FEDERAL SIGNAL,FSS
FTC SOLAR,FTCI
FRONTDOOR,FTDR
FORTINET,FTNT
FORTIVE,FTV
FUBOTV,FUBO
FULLER H B CO,FUL
FULCRUM THERAPEUTICS,FULC
FULTON FINANCIAL CORP,FULT
FVCBANKCORP,FVCB
LIBERTY FORMULA ONE SERIES A,FWONA
LIBERTY FORMULA ONE SERIES C,FWONK
FORWARD AIR CORP,FWRD
FIRST WATCH RESTAURANT GROUP,FWRG
F45 TRAINING HOLDINGS,FXLV
FRONTIER COMMUNICATIONS PARENT INC,FYBR
GENPACT,G
GERMAN AMERICAN BANCORP,GABC
GAMBLING.COM GROUP,GAMB
GATX CORP,GATX
GLACIER BANCORP,GBCI
GENERATION BIO,GBIO
GAMCO INVESTORS,GBL
GLOBAL BLOOD THERAPEUTICS,GBT
GREENBRIER CO,GBX
GREENE COUNTY,GCBC
GANNETT CO INC,GCI
GCM GROSVENOR INC (A),GCMG
GENESCO INC,GCO
GCP APPLIED TECHNOLOGIES,GCP
GENERAL DYNAMICS CORP,GD
GODADDY,GDDY
GOLDEN ENTERTAINMENT,GDEN
GREEN DOT,GDOT
GRID DYNAMICS HOLDINGS INC (A),GDYN
GENERAL ELECTRIC,GE
GREIF INC A,GEF
GREIF INC B,GEF.B
GEO GROUP,GEO
GERON CORP,GERN
GUESS INC,GES
GEVO,GEVO
GRIFFON,GFF
GLOBALFOUNDRIES,GFS
GRACO INC,GGG
GUARDANT HEALTH,GH
GRAHAM HOLDINGS,GHC
GLOBAL INDUSTRIAL COMPANY,GIC
G-III APPAREL,GIII
GILEAD SCIENCES,GILD
GENERAL MILLS,GIS
GLAUKOS,GKOS
GLOBE LIFE,GL
GREAT LAKES DREDGE & DOCK,GLDD
GOLAR LNG LTD.,GLNG
GLOBANT SA,GLOB
GAMING & LEISURE PROPERTIES,GLPI
GREENLIGHT CAPITAL RE LTD,GLRE
GELESIS HOLDING INC (A),GLS
GLATFELTER CORPORATION,GLT
MONTE ROSA THERAPEUTICS INC,GLUE
CORNING,GLW
GENERAL MOTORS,GM
GAMESTOP CORP,GME
GLOBUS MEDICAL,GMED
GLOBAL MEDICAL REIT,GMRE
GYPSUM MANAGEMENT AND SUPPLY,GMS
GENCO SHIPPING & TRADING LTD.,GNK
GLOBAL NET LEASE,GNL
GENERAC HOLDINGS,GNRC
GENTEX CORP,GNTX
GUARANTY BANC,GNTY
GENWORTH FINANCIAL CLASS A,GNW
GROCERY OUTLET HOLDING,GO
CANOO INC (A),GOEV
GOLDEN OCEAN GROUP LIMITED,GOGL
GOGO INC.,GOGO
ACUSHNET HOLDINGS,GOLF
GLADSTONE COMMERCIAL,GOOD
ALPHABET CLASS C,GOOG
ALPHABET CLASS A,GOOGL
GOSSAMER BIO,GOSS
GENUINE PARTS,GPC
GROUP 1 AUTO,GPI
GRAPHIC PACKAGING HOLDING,GPK
GRANITE POINT MORTGAGE TRUST,GPMT
GLOBAL PAYMENTS INC,GPN
GULFPORT ENERGY CORP,GPOR
GREEN PLAINS,GPRE
GOPRO,GPRO
GAP,GPS
GREEN BRICK PARTNERS,GRBK
GORMAN-RUPP CO,GRC
GREENIDGE GENERATION HOLDINGS INC,GREE
GARMIN LTD,GRMN
GREENLIGHT BIOSCIENCES HOLDINGS (A),GRNA
GROUPON,GRPN
GROWGENERATION,GRWG
GOLDMAN SACHS GROUP,GS
GLOBALSTAR,GSAT
GREAT SOUTHERN BANCORP,GSBC
GOOSEHEAD INSURANCE,GSHD
GOODYEAR TIRE & RUBBER,GT
GATES INDUSTRIAL,GTES
CHART INDUSTRIES INC.,GTLS
GRAY TELEVISION INC,GTN
GETTY REALTY,GTY
GTY TECHNOLOGY HOLDINGS,GTYH
GRANITE CONSTRUCTION,GVA
ESS TECH INC (A),GWH
GUIDEWIRE SOFTWARE,GWRE
GLOBAL WATER RESOURCES,GWRS
GRAINGER (W W),GWW
GXO LOGISTICS,GXO
HYATT HOTELS,H
HAWAIIAN HOLDINGS,HA
HAEMONETICS,HAE
HANMI FINANCIAL,HAFC
HAIN CELESTIAL,HAIN
HALLIBURTON,HAL
HALOZYME THERAPEUTICS,HALO
HASBRO,HAS
HANNON ARMSTRONG SUSTAINABLE INFRASTRUCT,HASI
HAYNES INTERNATIONAL INC.,HAYN
HAYWARD HOLDINGS,HAYW
HUNTINGTON BANCSHARES,HBAN
HOME BANCORP INC,HBCP
HANESBRANDS,HBI
HORIZON BANCORP INC,HBNC
HBT FINANCIAL,HBT
HCA HEALTHCARE,HCA
HEALTH CATALYST,HCAT
WARRIOR MET COAL,HCC
HERITAGE CRYSTAL CLEAN,HCCI
HCI GROUP,HCI
THE HACKETT GROUP,HCKT
HEALTHCARE SERVICES,HCSG
HOME DEPOT,HD
HUDSON TECH INC,HDSN
HAWAIIAN ELECTRIC,HE
TURTLE BEACH CORP.,HEAR
H&E EQUIPMENT SERVICES,HEES
HEICO CORP,HEI
HEICO  CL A,HEI.A
HELEN OF TROY LTD,HELE
HESS CORP.,HES
HF FOODS GROUP INC,HFFG
HERITAGE FINL,HFWA
HILTON GRAND VACATIONS,HGV
HOWARD HUGHES,HHC
HILLENBRAND,HI
HIBBETT INC,HIBB
HINGHAM INST,HIFS
HARTFORD FINANCIAL SERVICES GROUP,HIG
HUNTINGTON INGALLS INDUSTRIES,HII
HIMS AND HERS HEALTH INC (A),HIMS
HIPPO HOLDINGS INC (A),HIPO
HIGHWOODS PROP,HIW
HECLA MINING CO,HL
HERBALIFE NUTRITION,HLF
HELIOGEN INC (A),HLGN
HOULIHAN LOKEY,HLI
HELIOS TECHNOLOGIES,HLIO
HARMONIC INC,HLIT
HOLLEY INC (A),HLLY
HILLMAN SOLUTIONS CORP (A),HLMN
HAMILTON LANE CLASS A,HLNE
HILTON WORLDWIDE,HLT
CUE HEALTH,HLTH
HILLEVAX,HLVX
HELIX ENERGY SOLUTIONS GROUP,HLX
HORACE MANN EDUCATORS,HMN
HOME POINT CAPITAL,HMPT
HOMESTREET,HMST
HANGER,HNGR
HNI CORPORATION,HNI
HONEST COMPANY,HNST
HARLEY-DAVIDSON,HOG
HOLOGIC INC,HOLX
HOME BANCSHARES,HOMB
HONEYWELL INTERNATIONAL INCORPORATION,HON
HARBORONE BANCRP,HONE
ROBINHOOD MARKETS,HOOD
HOPE BANCORP,HOPE
ANYWHERE REAL ESTATE INC,HOUS
HOVNANIAN ENTERP,HOV
HELMERICH & PAYNE,HP
HEWLETT PACKARD ENTERPRISE,HPE
HIGHPEAK ENERGY INC (A),HPK
HUDSON PACIFIC PROPERTIES,HPP
HP,HPQ
HEALTHEQUITY,HQY
HEALTHCARE REALTY TRUST,HR
BLOCK (H & R) NPV,HRB
HERC HOLDING,HRI
HORMEL FOODS,HRL
HARMONY BIOSCIENCES HOLDINGS,HRMY
HIRERIGHT HOLDINGS,HRT
HERON THERAPEUTICS,HRTX
HARSCO CORP,HSC
HENRY SCHEIN,HSIC
HEIDRICK & STRUGGLES,HSII
HESKA CORP,HSKA
HOST HOTELS & RESORTS,HST
HEALTHSTREAM,HSTM
HERSHEY COMPANY,HSY
HERSHA HOSPITALITY TRUST,HT
HEALTHCARE TRUST OF AMERICA INC,HTA
HOMETRUST BANCSHARES INC,HTBI
HERITAGE COMMERCE,HTBK
HILLTOP HOLDINGS,HTH
HEARTLAND EXPRESS,HTLD
HEARTLAND FINANCIAL,HTLF
HERTZ GLOBAL HOLDINGS,HTZ
HUBBELL,HUBB
HUB GROUP A,HUBG
HUBSPOT,HUBS
HUMANA,HUM
HUMACYTE INC (A),HUMA
HUNTSMAN,HUN
HURON CONSULTING GROUP,HURN
HAVERTY FURNITURE,HVT
HANCOCK WHITNEY,HWC
HAWKINS,HWKN
HOWMET AEROSPACE INC,HWM
HEXCEL,HXL
HYSTER-YALE MATERIALS HANDLING CL A,HY
HYDROFARM HOLDINGS,HYFM
HYLIION HOLDINGS CORP (A),HYLN
HYCROFT MINING HOLDING CORP (A),HYMC
HYZON MOTORS INC (A),HYZN
HORIZON THERAPEUTICS PUBLIC LIMITED COMP,HZNP
MARINEMAX INC,HZO
IAA,IAA
IAC INTERACTIVECORP,IAC
INTEGRA LIFESCIENCES HOLDING,IART
INTEGRAL AD SCIENCE HOLDING,IAS
INDEPENDENT BANK CORP. MICHIGAN,IBCP
IBEX,IBEX
INTERACTIVE BROKERS GROUP,IBKR
INTERNATIONAL BUS MACHNS.,IBM
INTL BANCSHARES,IBOC
INSTALLED BUILDING PRODUCTS,IBP
IMMUNITYBIO INC,IBRX
INDEPENDENT BANK GROUP INC,IBTX
INTERCONTINENTAL EXCHANGE,ICE
ICF INTERNATIONAL,ICFI
ICHOR HOLDINGS,ICHR
INTERCEPT PHARMACEUTICALS INC,ICPT
ICU MEDICAL,ICUI
ICOSAVAX,ICVX
IDACORP INC,IDA
INTERDIGITAL,IDCC
IDT CORP. CL B,IDT
IDEXX LABS,IDXX
IDEAYA BIOSCIENCES,IDYA
INFRASTRUCTURE AND ENERGY ALTERNATIVES,IEA
IES HOLDINGS,IESC
IDEX CORP,IEX
INTL FLAVOURS & FRAGRANCES,IFF
IGM BIOSCIENCES,IGMS
INTERNATIONAL GAME TECHNOLOGY PLC,IGT
IHEARTMEDIA,IHRT
INFORMATION SERVICES GROUP INC.,III
INSTEEL INDS,IIIN
I3 VERTICALS,IIIV
INNOVATIVE INDUSTRIAL PROPERTIES,IIPR
II-VI INC,IIVI
ILLUMINA INC,ILMN
INDUSTRIAL LOGISTICS PROPERTIES TRUST,ILPT
IMAX CORP,IMAX
IMMUNOGEN INC,IMGN
IMAGO BIOSCIENCES,IMGO
INGLES MARKETS CL A,IMKTA
IMMUNOVANT,IMVT
INTERNATIONAL MONEY EXPRESS INC,IMXI
FIRST INTERNET BANCORP,INBK
INHIBRX,INBX
INCYTE,INCY
INDEPENDENT BANK MASS,INDB
INDIE SEMICONDUCTOR INC (A),INDI
INDUS REALTY TRUST INC,INDT
INFORMATICA,INFA
INFINERA,INFN
INOGEN INC,INGN
INGREDION,INGR
SUMMIT HOTEL PROPERTIES,INN
INNOVAGE HOLDING,INNV
INOVIO PHARMACEUTICALS INC,INO
INSPIRED ENTERTAINMENT,INSE
INSEEGO CORP,INSG
INSMED INC,INSM
INSPIRE MEDICAL SYSTEMS,INSP
INSTRUCTURE HOLDINGS,INST
INTERNATIONAL SEAWAYS,INSW
WORLD FUEL SERVICES,INT
INTAPP,INTA
INTEL CORP,INTC
INTUIT,INTU
INNOVIVA,INVA
IDENTIV,INVE
INVITATION HOMES,INVH
IONQ INC (A),IONQ
IONIS PHARMACEUTICALS,IONS
INNOSPEC,IOSP
IOVANCE BIOTHERAPEUTICS,IOVA
INTERNATIONAL PAPER,IP
INTER PARFUMS,IPAR
INTERPUBLIC GROUP COS,IPG
IPG PHOTONICS,IPGP
INTREPID POTASH,IPI
CENTURY THERAPEUTICS,IPSC
IQVIA HOLDINGS,IQV
INGERSOLL-RAND INC,IR
IROBOT,IRBT
IRIDIUM COMMUNICATIONS INC,IRDM
IRON MOUNTAIN,IRM
IRADIMED CORP,IRMD
IRONNET INC (A),IRNT
INDEPENDENCE REALTY TRUST,IRT
IRHYTHM TECHNOLOGIES,IRTC
IRONWOOD PHARMACEUTICALS,IRWD
IVERIC BIO,ISEE
INSPIRATO INCORPORATED (A),ISPO
INTUITIVE SURGICAL,ISRG
GARTNER,IT
INTRA-CELLUAR THERAPIES,ITCI
INTEGER HOLDINGS,ITGR
INVESTORS TITL,ITIC
ITEOS THERAPEUTICS,ITOS
ITRON INC,ITRI
ITT INC.,ITT
ILLINOIS TOOL WKS,ITW
INVESCO MORTGAGE CAPITAL,IVR
INVENTRUST PROPERTIES,IVT
INVESCO LIMITED,IVZ
JACOBS ENGINEERING GROUP,J
JACK IN THE BOX,JACK
JAMF HOLDING,JAMF
JANUX THERAPEUTICS INC,JANX
JAZZ PHARMACEUTICALS,JAZZ
JBG SMITH PROPERTIES,JBGS
HUNT (JB) TRANSPORT SERVICES,JBHT
JANUS INTERNATIONAL GROUP (A),JBI
JABIL,JBL
JETBLUE AIRWAYS CORP,JBLU
SANFILIPP & SON,JBSS
JOHN BEAN TECHNOLOGIES,JBT
JOHNSON CONTROLS INTERNATIONAL PLC,JCI
JEFFERIES FINANCIAL GROUP,JEF
JELD-WEN HOLDING,JELD
JANUS HENDERSON GROUP,JHG
J & J SNACK FOODS,JJSF
HENRY (JACK) & ASSOCIATES,JKHY
JONES LANG LASALLE,JLL
JOHN MARSHALL BANCORP INC,JMSB
JOUNCE THERAPEUTICS,JNCE
JOHNSON & JOHNSON,JNJ
JUNIPER NETWORKS,JNPR
JOANN,JOAN
JOBY AVIATION INC,JOBY
ST JOE CO (THE),JOE
JOHNSON OUTDOOR,JOUT
JPMORGAN CHASE & CO,JPM
JAMES RIVER GROUP HOLDINGS,JRVR
NORDSTROM,JWN
JACKSON FINANCIAL,JXN
JOINT CORP,JYNT
KELLOGG,K
KADANT INC,KAI
KAISER ALUMINUM,KALU
KALVISTA PHARMACEUTICALS,KALV
KAMAN,KAMN
KAR AUCTION SERVICES,KAR
KIMBALL INTL B,KBAL
KB HOME,KBH
KBR,KBR
KYNDRYL HOLDINGS,KD
CHINOOK THERAPEUTICS INC,KDNY
KEURIG DR PEPPER,KDP
KIMBALL ELECTRONICS,KE
KELLY SERVICES A,KELYA
KIRBY CORP,KEX
KEYCORP,KEY
KEYSIGHT TECHNOLOGIES,KEYS
KFORCE,KFRC
KORN FERRY,KFY
KRAFT HEINZ,KHC
ORTHOPEDIATRICS,KIDS
KIMCO REALTY CP,KIM
KKR & CO INC,KKR
KLA CORPORATION,KLAC
KULICKE SOFFA,KLIC
KALEYRA,KLR
KIMBERLY-CLARK,KMB
KINDER MORGAN,KMI
KEMPER CORP,KMPR
KENNAMETAL INC,KMT
CARMAX INC,KMX
KNOWLES CORP.,KN
KNOWBE4,KNBE
KINIKSA PHARMACEUTICALS,KNSA
KINSALE CAPITAL GROUP,KNSL
KINNATE BIOPHARMA,KNTE
KINETIK HOLDINGS INC (A),KNTK
KNIGHT-SWIFT TRANSPORTATION HOLDINGS,KNX
COCA-COLA,KO
KODIAK SCIENCES,KOD
EASTMAN KODAK CO,KODK
KOPPERS HOLDINGS,KOP
KORE GROUP HOLDINGS INC (A),KORE
KOSMOS ENERGY,KOS
KARYOPHARM THERAPEUTICS,KPTI
KROGER,KR
KILROY REALTY,KRC
KKR REAL ESTATE FINANCE TRUST,KREF
KITE REALTY GROUP TRUST,KRG
KEARNY FINANCIAL,KRNY
KRONOS WORLDWIDE,KRO
KRONOS BIO,KRON
KEROS THERAPEUTICS,KROS
KARAT PACKAGING,KRT
KARUNA THERAPEUTICS,KRTX
KURA SUSHI USA,KRUS
KRYSTAL BIOTECH,KRYS
KOHL'S CORP,KSS
KONTOOR BRANDS,KTB
KRATOS DEFENSE & SECURITY SOLUTIONS,KTOS
KURA ONCOLOGY,KURA
KENNEDY-WILSON HOLDINGS INC,KW
QUAKER HOUGHTON,KWR
KYMERA THERAPEUTICS,KYMR
KEZAR LIFE SCIENCES,KZR
LOEW'S,L
LITHIA MOTORS,LAD
LADDER CAPITAL,LADR
LAMAR ADVERTISING,LAMR
LANCASTER COLONY,LANC
GLADSTONE LAND,LAND
NLIGHT,LASR
LAUREATE EDUCATION,LAUR
CS DISCO,LAW
LAZARD CLASS A,LAZ
LUMINAR TECHNOLOGIES INC (A),LAZR
LAKELAND BANCORP INC,LBAI
LUTHER BURBANK,LBC
LIBERTY BROADBAND SERIES A,LBRDA
LIBERTY BROADBAND SERIES C,LBRDK
LIBERTY ENERGY INC (A),LBRT
LENDINGCLUB,LC
LUCID GROUP INC (A),LCID
LCI INDUSTRIES,LCII
LIFETIME BRANDS,LCUT
LEIDOS HOLDINGS,LDOS
LANDS END,LE
LEAR CORP,LEA
LINCOLN ELECTRIC HOLDINGS,LECO
LEGGETT & PLATT,LEG
LEGACY HOUSING CORP,LEGH
LENNAR CLASS A,LEN
LENNAR CORP. CL B,LEN.B
LESLIES,LESL
CENTRUS ENERGY CORPORATION,LEU
ARCHAEA ENERGY INC (A),LFG
LEAFLY HOLDINGS INC,LFLY
LIFESTANCE HEALTH GROUP,LFST
LITTELFUSE,LFUS
LIONS GATE ENTERTAINMENT CLASS A,LGF.A
LIONS GATE ENTERTAINMENT CLASS B,LGF.B
LGI HOMES,LGIH
LIGAND PHARM B,LGND
LABORATORY CORP OF AMERICA,LH
LHC GROUP,LHCG
L3HARRIS TECHNOLOGIES,LHX
LI CYCLE HOLDINGS CORP (A),LICY
AEYE INC,LIDR
LENNOX INTL INC,LII
LIBERTY LATIN AMERICA A,LILA
LIBERTY LATIN AMERICA C,LILAK
LINDE PLC,LIN
LINDBLAD EXPEDITIONS HOLDINGS,LIND
LUMENTUM HOLDINGS,LITE
LIVANOVA,LIVN
LAKELAND FINANCIAL,LKFN
LKQ,LKQ
LL FLOORING HOLDINGS INC,LL
TERRAN ORBITAL CORPORATION (A),LLAP
LILLY (ELI) & CO,LLY
LEMAITRE VASCULAR,LMAT
LEMONADE,LMND
LOCKHEED MARTIN CORP,LMT
LINCOLN NATIONAL CORP,LNC
LANDEC CORP,LNDC
CHENIERE ENERGY,LNG
LINDSAY CORPORATION,LNN
ALLIANT ENERGY,LNT
LANTHEUS HOLDINGS,LNTH
LIGHT & WONDER INC,LNW
LIVE OAK BANCSHARES,LOB
LOCAL BOUNTI CORPORATION (A),LOCL
EL POLLO LOCO HOLDINGS,LOCO
GRAND CANYON EDUCATION INC.,LOPE
LOVESAC,LOVE
LOWES COS INC,LOW
DORIAN LPG,LPG
LAREDO PETROLEUM,LPI
LPL FINANCIAL HOLDINGS,LPLA
OPEN LENDING CORPORATION (A),LPRO
LIVEPERSON INC,LPSN
LOUISIANA-PACIFIC,LPX
LIQUIDIA CORPORATION,LQDA
LIQUIDITY SERVICES,LQDT
LAM RESEARCH,LRCX
STRIDE INC,LRN
LATTICE SEMICONDUCTOR,LSCC
LANDSEA HOMES CORP (A),LSEA
LIFE STORAGE,LSI
LANDSTAR SYS,LSTR
LIBERTY SIRIUSXM SERIES A,LSXMA
LIBERTY SIRIUSXM SERIES C,LSXMK
LTC PROPERTIES,LTC
LATCH INC (A),LTCH
LIFE TIME GROUP HOLDINGS,LTH
LIVENT,LTHM
LULULEMON ATHLETICA INC.,LULU
LUMEN TECHNOLOGIES INC,LUMN
PULMONX,LUNG
SOUTHWEST AIRLINES,LUV
LULUS FASHION LOUNGE HOLDINGS,LVLU
LIVEVOX HOLDINGS INC (A),LVOX
LAS VEGAS SANDS,LVS
LAMB WESTON HOLDINGS,LW
LIGHTWAVE LOGIC,LWLG
LUXFER HOLDINGS,LXFR
LXP INDUSTRIAL TRUST,LXP
LEXICON PHARMACEUTICALS INC,LXRX
LSB INDUSTRIES,LXU
LYONDELLBASELL INDUSTRIES CL A,LYB
LYELL IMMUNOPHARMA,LYEL
LYFT,LYFT
LOYALTY VENTURES,LYLT
LIVE NATION ENTERTAINMENT,LYV
LEGALZOOM.COM INC,LZ
LA-Z-BOY INC,LZB
MACYS,M
MASTERCARD CL A,MA
MID-AMERICA APARTMENT COMM,MAA
MACERICH,MAC
MANPOWERGROUP,MAN
MANHATTAN ASSOC,MANH
MANTECH INTL CORP,MANT
WM TECHNOLOGY INC (A),MAPS
MARRIOTT INTERNATIONAL,MAR
MARATHON DIGITAL HOLDINGS INC,MARA
MASCO CORP,MAS
MASIMO,MASI
908 DEVICES,MASS
MATTEL,MAT
MATTHEWS INTL A,MATW
MATSON INC.,MATX
MEDIAALPHA,MAX
MAXAR TECHNOLOGIES,MAXR
MBIA,MBI
MERCHANTS BANCORP,MBIN
MALIBU BOATS,MBUU
MERCANTILE BANK,MBWM
MOELIS & COMPANY,MC
METROPOLITAN BANK HOLDING,MCB
MACATAWA BANK,MCBC
METROCITY BANKSHARES,MCBS
MCDONALDS CORP,MCD
MASTERCRAFT BOAT HOLDINGS,MCFT
MICROCHIP TECHNOLOGY,MCHP
MCKESSON,MCK
MOODYS CORPORATION,MCO
SERES THERAPEUTICS,MCRB
MONARCH CASINO,MCRI
MARCUS CORPORATION,MCS
MISTER CAR WASH,MCW
MERCURY GENERAL,MCY
MEDNAX,MD
MONGODB,MDB
MDC HOLDINGS INC,MDC
MADRIGAL PHARMACEUTICALS,MDGL
MONDELEZ INTERNATIONAL INC.,MDLZ
ALLSCRIPTS HEALTHCARE SOLUTIONS,MDRX
MEDTRONIC PLC,MDT
MDU RESOURCES,MDU
MIMEDX GROUP,MDXG
23ANDME HOLDING CO,ME
MEDIFAST INC,MED
MEDPACE HOLDINGS,MEDP
MONTROSE ENVIRONMENTAL GROUP,MEG
METHODE ELECTRONICS,MEI
METLIFE,MET
META PLATFORMS INC,META
RAMACO RESOURCES,METC
MFA FINANCIAL,MFA
MGE ENERGY,MGEE
MONEYGRAM INTERNATIONAL,MGI
MGM RESORTS INTERNATIONAL,MGM
MAGNITE INC,MGNI
MACROGENICS,MGNX
MGP INGREDIENTS,MGPI
MCGRATH RENT CORP,MGRC
MEIRAGTX HOLDINGS PLC,MGTX
MAGNOLIA OIL & GAS CORPORATION (A),MGY
MOHAWK INDUSTRIES,MHK
M/I HOMES,MHO
MIDDLEBY,MIDD
MIRION TECHNOLOGIES INC,MIR
MIRUM PHARMACEUTICALS,MIRM
MITEK SYSTEMS,MITK
MCCORMICK & CO,MKC
MARKFORGED HOLDING CORPORATION (A),MKFG
MARKEL CORP,MKL
MKS INSTRUMENTS,MKSI
MARKETWISE INC (A),MKTW
MARKETAXESS HOLDINGS,MKTX
MONEYLION INC (A),ML
MESA LAB,MLAB
MUELLER INDS,MLI
MILLERKNOLL INC,MLKN
MARTIN MERIETTA MATERIALS,MLM
MERIDIANLINK,MLNK
MILLER INDS,MLR
MARSH & MCLENNAN,MMC
MARCUS & MILLICHAP,MMI
3M COMPANY,MMM
MAXIMUS,MMS
MERIT MEDICAL SYSTEMS,MMSI
MANNING & NAPIER,MN
MANDIANT INC,MNDT
MANNKIND,MNKD
BRIGHAM MINERALS,MNRL
MONRO,MNRO
MONSTER BEVERAGE,MNST
MONTAUK RENEWABLES,MNTK
MOMENTUS INC (A),MNTS
MOMENTIVE GLOBAL INC,MNTV
ALTRIA GROUP,MO
MODINE MANUFACTURING CO,MOD
MODEL N INC,MODN
MODIVCARE INC,MODV
MIDWESTONE FINANCIAL GROUP,MOFG
MOOG INC A,MOG.A
MOLINA HEALTHCARE,MOH
MORPHIC HOLDINGS,MORF
MORNINGSTAR INC.,MORN
MOSAIC COMPANY,MOS
MOVADO GROUP,MOV
MP MATERIALS CORP (A),MP
MOTORCAR PARTS OF AMERICA INC.,MPAA
MID PENN BANCP,MPB
MARATHON PETROLEUM,MPC
MULTIPLAN CORPORATION (A),MPLN
MEDICAL PROPERTIES TRUST,MPW
MONOLITHIC POWER SYSTEMS,MPWR
MARINE PRODUCTS,MPX
MARQETA,MQ
MRC GLOBAL,MRC
MERCURY SYSTEMS,MRCY
MERCK & CO,MRK
MODERNA,MRNA
MARATHON OIL CORP,MRO
MERSANA THERAPEUTICS,MRSN
MARTEN TRANSPORT,MRTN
MIRATI THERAPEUTICS INC,MRTX
MARAVAI LIFESCIENCES HOLDINGS,MRVI
MARVELL TECHNOLOGY,MRVL
MORGAN STANLEY,MS
MSA SAFETY,MSA
MIDLAND STATES BANCORP,MSBI
MSCI,MSCI
MIDDLESEX WATER,MSEX
MICROSOFT CORP,MSFT
MADISON SQUARE GARDEN ENTERTAINMENT,MSGE
MADISON SQUARE GARDEN SPORTS CORP,MSGS
MOTOROLA SOLUTIONS,MSI
MSC INDUSTRIAL A,MSM
MICROSTRATEGY CLASS A,MSTR
M&T BANK,MTB
MATCH GROUP,MTCH
METTLER-TOLEDO,MTD
MATADOR RESOURCES,MTDR
MGIC INVESTMENT,MTG
MERITAGE HOMES,MTH
VAIL RESORTS,MTN
MERITOR,MTOR
MATERION,MTRN
MACOM TECHNOLOGY SOLUTIONS HOLDINGS,MTSI
MATTERPORT INC (A),MTTR
MANITOWOC CO,MTW
MINERALS TECH,MTX
MASTEC INC,MTZ
MICRON TECHNOLOGY,MU
MULLEN AUTOMOTIVE INC,MULN
MURPHY OIL CORP,MUR
MURPHY USA,MUSA
MVB FINANCIAL CORP,MVBF
MICROVISION INC,MVIS
MICROVAST HOLDINGS INC,MVST
MUELLER WATER PRODUCTS,MWA
MAXCYTE,MXCT
MAXLINEAR,MXL
MYERS INDUSTRIES INC,MYE
FIRST WESTERN FINANCIAL,MYFW
MYRIAD GENETICS,MYGN
PLAYSTUDIOS INC (A),MYPS
MYR GROUP INC.,MYRG
N-ABLE,NABL
DUCKHORN PORTFOLIO,NAPA
INARI MEDICAL,NARI
NORDIC AMERICAN TANKER,NAT
NATIONAL INSTRUMENTS,NATI
NATURES SUNSHINE PRODUCTS,NATR
NAUTILUS BIOTECHNOLOGY INC,NAUT
NAVIENT CORP,NAVI
NATIONAL BANK HOLDINGS,NBHC
NEUROCRINE BIOSCIENCES,NBIX
NORTHEAST BANK,NBN
NABORS INDUSTRIES,NBR
NBT BANCORP INC.,NBTB
NACCO INDS INC,NC
NORWEGIAN CRUISE LINE,NCLH
NCINO,NCNO
NCR CORP,NCR
NASDAQ,NDAQ
NOODLES & COMPANY,NDLS
NORDSON CP,NDSN
NOBLE,NE
NEXTERA ENERGY INC,NEE
NEWMONT CORPORATION,NEM
NEOGENOMICS INC.,NEO
NEOGEN CORP,NEOG
NATIONAL ENERGY SERVICES REUNITED,NESR
CLOUDFLARE,NET
ENETI INC,NETI
NEWMARKET,NEU
NEW RELIC,NEWR
NEXTIER OILFIELD SOLUTIONS INC,NEX
NEXTDECADE,NEXT
NORTHFIELD BANCORP INC.,NFBK
NEW FORTRESS ENERGY,NFE
NATL FUEL GAS CO,NFG
NETFLIX INC,NFLX
NOVAGOLD RESOURCES INC.,NG
NGM BIOPHARMACEUTICALS,NGM
NEOGAMES,NGMS
NATURAL GROCERS BY VITAMIN COTTAGE INC,NGVC
INGEVITY,NGVT
NATIONAL HEALTHCARE,NHC
NATIONAL HEALTH INVESTORS,NHI
NISOURCE,NI
NICOLET BANKSHARES INC,NIC
NEW JERSEY RES,NJR
NIKE INC CL B,NKE
NIKOLA CORPORATION,NKLA
NEKTAR THERAPEUTICS,NKTR
NKARTA,NKTX
NL INDUSTRIES,NL
NORTONLIFELOCK INC,NLOK
NIELSEN HOLDINGS,NLSN
ANNALY CAPITAL MANAGEMENT,NLY
NMI HOLDINGS INC,NMIH
NEWMARK GROUP,NMRK
NEXTNAV INC (A),NN
NELNET CLASS A,NNI
NATIONAL RETAIL PROPERTIES,NNN
NANO X IMAGING,NNOX
NORTHROP GRUMMAN CORP,NOC
NI HOLDINGS,NODK
NORTHERN OIL AND GAS,NOG
INOTIV INC,NOTV
NOV INC,NOV
SUNNOVA ENERGY INTERNATIONAL,NOVA
NOVANTA INC,NOVT
SERVICENOW,NOW
NEENAH,NP
NATIONAL PRESTO,NPK
ENPRO INDUSTRIES INC,NPO
NEOPHOTONICS,NPTN
NEWPARK RESOURCES,NR
NATIONAL RESEARCH,NRC
NERDWALLET,NRDS
NERDY INC (A),NRDY
NEXPOINT REAL ESTATE FINANCE,NREF
NRG ENERGY,NRG
ENERGY VAULT HOLDINGS INC (A),NRGV
NURIX THERAPEUTICS,NRIX
NEW RESIDENTIAL INVESTMENT CORP.,NRZ
NATIONAL STORAGE AFFILIATES TRUST,NSA
NORFOLK STHN CORP,NSC
INSIGHT ENTERPRISES,NSIT
INSPERITY,NSP
NAPCO SECURITY SYSTEMS,NSSC
NANOSTRING TECHNOLOGIES,NSTG
NETAPP,NTAP
BANK OF N.T. BUTTERFIELD & SON,NTB
NETSCOUT SYS,NTCT
NETGEAR INC.,NTGR
INTELLIA THERAPEUTICS,NTLA
NUTANIX,NTNX
NATERA,NTRA
NORTHERN TRUST,NTRS
NETSTREIT,NTST
NATUS MEDICAL,NTUS
NUCOR CORP,NUE
NU SKIN ENTERPR A,NUS
NUTEX HEALTH,NUTX
NUVASIVE,NUVA
NUVATION BIO INC (A),NUVB
NUVALENT,NUVL
NOVAVAX,NVAX
NOVOCURE,NVCR
NVIDIA,NVDA
NV5 GLOBAL INC.,NVEE
NVR INC,NVR
NEVRO,NVRO
ENVISTA HOLDINGS,NVST
NVENT ELECTRIC,NVT
INVITAE CORP,NVTA
NORTHWEST BANCSHARES,NWBI
NORTHWESTERN CORP,NWE
NEWELL BRANDS,NWL
NATIONAL WESTERN LIFE GROUP - CL A,NWLI
NORTHWEST NATURAL HOLDING COMPANY,NWN
NORTHWEST PIPE,NWPX
NEWS CORPORATION CL B,NWS
NEWS CORPORATION CL A,NWSA
QUANEX BUILDING PRODUCTS,NX
NEXTGEN HEALTHCARE INC,NXGN
NEXPOINT RESIDENTIAL TRUST,NXRT
NEXSTAR MEDIA GROUP INC.,NXST
NEW YORK COMMUNITY BANCORP,NYCB
NEW YORK MORTGAGE TRUST,NYMT
NEW YORK TIMES CL A,NYT
REALTY INCOME,O
OASIS PETROLEUM,OAS
OUTBRAIN,OB
ORIGIN BANCORP,OBNK
OWENS CORNING,OC
OCEANFIRST FINANCIAL,OCFC
OCUGEN INC,OCGN
OCULAR THERAPEUTIX,OCUL
OLD DOMINION FREIGHT LINE,ODFL
THE ODP CORPORATION,ODP
ORION ENGINEERED CARBONS S.A.,OEC
CORPORATE OFFICE PROPERTIES,OFC
OFG BANCORP,OFG
ORTHOFIX MEDICAL,OFIX
OMEGA FLEX,OFLX
OGE ENERGY,OGE
ORGANON,OGN
ONE GAS,OGS
OMEGA HEALTHCARE INVESTORS,OHI
O-I GLASS INC,OI
OCEANEERING INTL,OII
OIL STATES INTL,OIS
ONEOK INC,OKE
OKTA,OKTA
UNIVERSAL DISPLAY CORP.,OLED
OLLIE'S BARGAIN OUTLET HOLDINGS,OLLI
OLIN CORP,OLN
OLO,OLO
ONE LIBERTY,OLP
OLAPLEX HOLDINGS,OLPX
OUTSET MEDICAL,OM
OMNICOM GROUP,OMC
OMNICELL INC,OMCL
ONEMAIN HOLDINGS,OMF
OWENS & MINOR,OMI
SINGULAR GENOMICS SYSTEMS,OMIC
ON SEMICONDUCTOR CORP,ON
OLD NATL BNCP,ONB
ONDAS HOLDINGS,ONDS
1LIFE HEALTHCARE,ONEM
ONEWATER MARINE,ONEW
ORION OFFICE REIT,ONL
ON24,ONTF
ONTO INNOVATION INC,ONTO
OOMA,OOMA
OFFERPAD SOLUTIONS INC (A),OPAD
OPTION CARE HEALTH INC,OPCH
OPENDOOR TECHNOLOGIES INC (A),OPEN
OPPFI INC,OPFI
OFFICE PROPERTIES INCOME TRUST,OPI
OPKO HEALTH,OPK
OPORTUN FINANCIAL,OPRT
OPTIMIZERX CORP,OPRX
OPPENHEIMER HOLDINGS INC.,OPY
ORMAT TECHNOLOGIES,ORA
ORCHID ISLAND CAPITAL,ORC
ORACLE CORP.,ORCL
ORIGIN MATERIALS INC (A),ORGN
ORGANOGENESIS HOLDINGS  (A),ORGO
OLD REPUBLIC INTL,ORI
O REILLY AUTO,ORLY
ORRSTOWN FINANCIAL SERVICES INC.,ORRF
OLD SECOND BNCP,OSBC
OSCAR HEALTH,OSCR
OAK STREET HEALTH,OSH
OSI SYSTEMS INC,OSIS
OSHKOSH,OSK
ONESPAN,OSPN
OVERSTOCK.COM,OSTK
ORASURE TECH,OSUR
ONESPAWORLD HOLDINGS (A),OSW
OTIS WORLDWIDE,OTIS
OUTLOOK THERAPEUTICS,OTLK
OTTER TAIL CP,OTTR
OUSTER INC (A),OUST
OUTFRONT MEDIA,OUT
OVINTIV INC,OVV
BLUE OWL CAPITAL,OWL
OWLET INC (A),OWLT
OXFORD INDUSTRIES,OXM
OCCIDENTAL PETROLEUM,OXY
BANK OZK,OZK
PACIFIC BIOSCIENCES OF CALIFORNIA,PACB
RANPAK HOLDINGS (A),PACK
PACWEST BANCORP,PACW
PENSKE AUTOMOTIVE GROUP,PAG
PHIBRO ANIMAL HEALTH,PAHC
PALO ALTO NETWORKS,PANW
PAR TECHNOLOGY,PAR
PARAMOUNT GLOBAL (B),PARA
PARAMOUNT GLOBAL (A),PARAA
PAR PACIFIC HOLDINGS,PARR
UIPATH,PATH
PATRICK INDUSTRIES,PATK
PAYA HOLDINGS INC (A),PAYA
PAYCOM SOFTWARE,PAYC
PAYONEER GLOBAL INC (A),PAYO
PAYCHEX,PAYX
PROSPERITY BANCSHARES,PB
PBF ENERGY,PBF
PIONEER BANCORP,PBFS
PRESTIGE CONSUMER HEALTHCARE,PBH
PITNEY BOWES,PBI
PACCAR,PCAR
PCB BANCORP,PCB
PG & E CORP.,PCG
POTLATCHDELTIC,PCH
PROCORE TECHNOLOGIES,PCOR
PACIRA BIOSCIENCES,PCRX
PCSB FINANCIAL,PCSB
PURECYCLE TECHNOLOGIES INC,PCT
PAYLOCITY HOLDING,PCTY
VAXCYTE,PCVX
PURECYCLE,PCYO
PAGERDUTY,PD
PDC ENERGY,PDCE
PATTERSON COS,PDCO
PDF SOLUTIONS,PDFS
PIEDMONT OFFICE REALTY TRUST CL A,PDM
HEALTHPEAK PROPERTIES INC,PEAK
PEBBLEBROOK HOTEL TRUST,PEB
PEOPLES BANCORP,PEBO
PHILLIPS EDISON & COMPANY,PECO
PUBLIC SVC ENTERPRISE GROUP,PEG
PEGASYSTEMS INC,PEGA
PENUMBRA,PEN
PENN NATIONAL GAMING,PENN
PEPSICO,PEP
PEPGEN INC,PEPG
PETIQ,PETQ
PETMED EXPRESS,PETS
PREFERRED BANK LOS ANGELES,PFBC
PREMIER FINANCIAL CORP,PFC
PFIZER,PFE
PRINCIPAL FINANCIAL GROUP,PFG
PERFORMANCE FOOD GROUP,PFGC
PROFESSIONAL HOLDING,PFHD
PEOPLES FINANCIAL SERVICES CORP.,PFIS
PROVIDENT FINANCIAL SERVICES INC,PFS
PENNYMAC FINANCIAL SERVICES,PFSI
PFSWEB INC,PFSW
PROCTER & GAMBLE,PG
PEAPACK GLADSTONE FINANCIAL,PGC
PRECIGEN,PGEN
PROGYNY,PGNY
PROGRESSIVE CORP,PGR
PARAMOUNT GROUP,PGRE
PGT INNOVATIONS,PGTI
PARKER-HANNIFIN,PH
PHATHOM PHARMACEUTICALS,PHAT
PULTE GROUP,PHM
PHREESIA,PHR
IMPINJ INC,PI
POLARIS,PII
P3 HEALTH PARTNERS INC (A),PIII
PREMIER INC,PINC
PING IDENTITY HOLDING,PING
PINTEREST,PINS
PIPER SANDLER COMPANIES,PIPR
PJT PARTNERS,PJT
PARK HOTELS & RESORTS,PK
PARKE BANCORP,PKBK
PARK AEROSPACE,PKE
PACKAGING CORP OF AMERICA,PKG
PERKINELMER INC,PKI
PLANET LABS PBC (A),PL
PHOTRONICS INC,PLAB
DAVE & BUSTERS ENTERTAINMENT,PLAY
PLBY GROUP INC,PLBY
CHILDRENS PLACE,PLCE
PROLOGIS,PLD
PIEDMONT LITHIUM,PLL
POLYMET MINING,PLM
PALOMAR HOLDINGS,PLMR
PLANET FITNESS,PLNT
DOUGLAS DYNAMICS,PLOW
PREFORMED LINE PRODUCTS,PLPC
PLAYTIKA HOLDING,PLTK
PALANTIR TECHNOLOGIES,PLTR
PLUG POWER INC,PLUG
EPLUS INC,PLUS
PLEXUS CORP,PLXS
PLYMOUTH INDUSTRIAL REIT,PLYM
PHILIP MORRIS INTERNATIONAL,PM
PENNYMAC MORTGAGE INVESTMENT TRUST,PMT
PMV PHARMACEUTICALS,PMVP
PNC FINANCIAL SERVICES GROUP,PNC
PINNACLE FINL,PNFP
PNM RESOURCES,PNM
PENTAIR PLC,PNR
POINT BIOPHARMA GLOBAL INC,PNT
PENNANT GROUP,PNTG
PINNACLE WEST CAPITAL CORP,PNW
INSULET CORP.,PODD
PLANTRONICS,POLY
POOL,POOL
PORTLAND GENERAL ELECTRIC,POR
POSHMARK,POSH
POST HOLDINGS,POST
POWER INTEGRATIONS,POWI
POWELL INDS,POWL
AMMO INC,POWW
PACIFIC PREMIER BANCORP INC,PPBI
PILIGRIM'S PRIDE CORP.,PPC
PPG INDUSTRIES,PPG
PPL CORPORATION,PPL
PROASSURANCE,PRA
PRA GROUP,PRAA
PRAXIS PRECISION MEDICINES,PRAX
PORCH GROUP INC (A),PRCH
PROCEPT BIOROBOTICS,PRCT
PERDOCEO EDUCATION CORP,PRDO
PARDES BIOSCIENCES INC (A),PRDS
PERFICIENT INC,PRFT
PROG HOLDINGS INC,PRG
PERRIGO COMPANY PLC,PRGO
PROGRESS SOFTWARE,PRGS
PRIMERICA,PRI
PRIMORIS SERVICES CORP.,PRIM
PARK NATIONAL,PRK
PROTO LABS INC,PRLB
PERIMETER SOLUTIONS SA,PRM
PRIMO WATER,PRMW
PROS HOLDINGS INC.,PRO
PURPLE INNOVATION,PRPL
PROTHENA PLC,PRTA
PRIORITY TECHNOLOGY HOLDINGS,PRTH
CARPARTS COM,PRTS
PARTY CITY HOLDCO,PRTY
PRUDENTIAL FINANCIAL,PRU
PRIVIA HEALTH GROUP,PRVA
PROVENTION BIO,PRVB
PUBLIC STORAGE,PSA
PS BUSINESS PARKS,PSB
PAYSAFE LIMITED (A),PSFE
PRICESMART,PSMT
PARSONS,PSN
PURE STORAGE,PSTG
POSTAL REALTY TRUST,PSTL
PHILLIPS 66,PSX
PTC,PTC
PTC THERAPEUTICS,PTCT
PATTERSON-UTI ENERGY,PTEN
PROTAGONIST THERAPEUTICS,PTGX
PORTILLOS,PTLO
PELOTON INTERACTIVE,PTON
PROTERRA INC (A),PTRA
P.A.M. TRANS SVC,PTSI
PACTIV EVERGREEN,PTVE
PUBMATIC,PUBM
PROPETRO HOLDING,PUMP
PROVIDENT BANCORP INC,PVBC
PVH CORP.,PVH
PERELLA WEINBERG PARTNERS,PWP
QUANTA SERVICES,PWR
POWERSCHOOL HOLDINGS,PWSC
PIONEER NATURAL RESOURCE,PXD
PAYCOR HCM,PYCR
PAYPAL HOLDINGS,PYPL
PZENA INVESTMENT MANAGEMENT,PZN
PAPA JOHN'S INTERNATIONAL,PZZA
QUALCOMM,QCOM
QCR HOLDINGS INC,QCRH
QUIDELORTHO CORPORATION,QDEL
QIAGEN N.V.,QGEN
QUALYS INC,QLYS
QUINSTREET,QNST
QURATE RETAIL,QRTEA
QORVO INC.,QRVO
QUANTUMSCAPE,QS
QUANTUM SI INC (A),QSI
QUANTERIX CORP,QTRX
Q2 HOLDINGS,QTWO
QUAD/GRAPHICS INC.,QUAD
QUOTIENT TECHNOLOGY INC.,QUOT
RYDER SYSTEM,R
RITE AID,RAD
RADIUS GLOBAL INFRASTRUCTURE,RADI
LIVERAMP HOLDINGS,RAMP
RAPT THERAPEUTICS,RAPT
ULTRAGENYX PHARMACEUTICAL,RARE
RBB BANCORP,RBB
RIBBON COMMUNICATIONS,RBBN
REPUBLIC BANCORP,RBCAA
ROBLOX,RBLX
VICARIOUS SURGICAL INC (A),RBOT
READY CAPITAL CORPORATION,RC
RENT-A-CENTER,RCII
ROCKET PHARMACEUTICALS,RCKT
ROCKY BRANDS,RCKY
ROYAL CARIBBEAN GROUP,RCL
ACCRETIVE HEALTH,RCM
ARCUS BIOSCIENCES,RCUS
REDBOX ENTERTAINMENT INC (A),RDBX
REDFIN CORP,RDFN
RADIAN GROUP,RDN
RADNET,RDNT
RADIUS HEALTH INC,RDUS
RED VIOLET,RDVT
REDWIRE CORP,RDW
EVEREST RE GROUP,RE
THE REALREAL,REAL
CHICAGO ATLANTIC REAL ESTATE FINANCE,REFI
REGENCY CENTERS,REG
REGENERON PHAR,REGN
RING ENERGY INC,REI
REMITLY GLOBAL,RELY
RENT THE RUNWAY,RENT
REPLIMUNE GROUP,REPL
RILEY EXPLORATION PERMIAN,REPX
RPC,RES
REATE PHARMACEUTICALS,RETA
REV GROUP,REVG
REX AMERICAN RESOURCES,REX
REXFORD INDUSTRIAL REALTY,REXR
REYNOLDS CONSUMER PRODUCTS,REYN
RESIDEO TECHNOLOGIES,REZI
REGIONS FINANCIAL,RF
RESOLUTE FOREST PRODUCTS,RFP
REINSURANCE GROUP OF AMERICA,RGA
REPLIGEN CORP,RGEN
ROYAL GOLD,RGLD
REGENXBIO,RGNX
RESOURCES CONNECTION INC,RGP
STURM RUGER & CO,RGR
RIGETTI COMPUTING INC (A),RGTI
RH,RH
ROBERT HALF INTERNATIONAL,RHI
RYMAN HOSPITALITY PROPERTIES,RHP
RCI HOSPITALITY HOLDINGS,RICK
LORDSTOWN MOTORS CORP (A),RIDE
RIGEL PHARMACEUTICALS INC,RIGL
B RILEY SECURITIES INC,RILY
RIOT BLOCKCHAIN,RIOT
RIVIAN AUTOMOTIVE,RIVN
RAYMOND JAMES FINANCIAL,RJF
ROCKET LAB USA INC (A),RKLB
ROCKLEY PHOTONICS HOLDINGS LIMITED (A),RKLY
ROCKET COMPANIES,RKT
RALPH LAUREN CORP,RL
RELAY THERAPEUTICS,RLAY
RADIANT LOGISTICS,RLGT
RLI CORPORATION,RLI
RLJ LODGING TRUST,RLJ
RELMADA THERAPEUTICS,RLMD
RALLYBIO,RLYB
REGIONAL MANAGEMENT CORP,RM
RE/MAX HOLDINGS,RMAX
RUMBLEON INC,RMBL
RAMBUS INC,RMBS
RESMED INC,RMD
RIMINI STREET,RMNI
RMR GROUP,RMR
AVIDITY BIOSCIENCES,RNA
RINGCENTRAL,RNG
RENAISSANCERE,RNR
RENASANT CORP,RNST
CONSTRUCTION PARTNERS,ROAD
RANGER OIL CORP,ROCC
GIBRALTAR INDUSTRIES,ROCK
ROGERS CORP,ROG
RETAIL OPPORTUNITY,ROIC
ROCKWELL AUTOMATION,ROK
ROKU,ROKU
ROLLINS INC,ROL
RBC BEARINGS,ROLL
ROOT,ROOT
ROPER TECHNOLOGIES,ROP
ROSS STORES,ROST
ROVER GROUP INC (A),ROVR
REPAY HOLDINGS (A),RPAY
RAPID7,RPD
RPM INC,RPM
ROYALTY PHARMA,RPRX
RPT REALTY,RPT
RED RIVER BANCSHARES,RRBI
RANGE RESOURCES,RRC
RED ROCK RESORTS,RRR
REGAL REXNORD CORPORATION,RRX
RELIANCE STEEL & ALUMINIUM,RS
REPUBLIC SERVICES,RSG
RUSH STREET INTERACTIVE INC (A),RSI
RESERVOIR MEDIA INC,RSVR
THE NECESSITY RETAIL REIT INC,RTL
RAYTHEON TECHNOLOGIES CORPORATION,RTX
SUNRUN,RUN
RUSH ENTERPISES A,RUSHA
RUSH ENTERPRISES INC  -CL B,RUSHB
RUTHS HOSPITALITY GROUP,RUTH
REVOLVE GROUP,RVLV
REVOLUTION MEDICINES,RVMD
REVANCE THERAPEUTICS,RVNC
REDWOOD TRUST,RWT
PROMETHEUS BIOSCIENCES,RXDX
RECURSION PHARMACEUTICALS,RXRX
RXSIGHT,RXST
RACKSPACE TECHNOLOGY,RXT
RAYONIER ADVANCED MATERIALS,RYAM
RYAN SPECIALTY HOLDINGS INC (A),RYAN
RYERSON HOLDING CORP,RYI
RAYONIER,RYN
SENTINELONE,S
SABRE CORP,SABR
SAFEHOLD INC,SAFE
SANDERSON FARMS,SAFM
SAFETY INSURANCE GROUP INC,SAFT
SAGE THERAPEUTICS,SAGE
SONIC AUTOMOTIVE,SAH
SAIA,SAIA
SCIENCE APPLICATIONS INTERNATIONAL CORPO,SAIC
SAILPOINT TECHNOLOGIES,SAIL
BOSTON BEER,SAM
SILVERCREST ASSET MANAGEMENT GROUP INC,SAMG
SANA BIOTECHNOLOGY,SANA
SANMINA CORP,SANM
SANDY SPRING BANCORP,SASR
ECHOSTAR,SATS
CASSAVA SCIENCES,SAVA
SPIRIT AIRLINES,SAVE
SAFE BULKERS,SB
SBA COMMUNICATIONS,SBAC
SEACOAST BANKING,SBCF
SINCLAIR BROADCAST A,SBGI
SALLY BEAUTY,SBH
SIGNATURE BANK,SBNY
SILVERBOW RESOURCES,SBOW
SABRA HEALTH CARE REIT,SBRA
SOUTHSIDE BANCSHARES,SBSI
STERLING BANCORP INC,SBT
STARBUCKS,SBUX
SOUTHERN COPPER CORP.,SCCO
SCHOLASTIC CORP,SCHL
SCHNITZER STEEL,SCHN
SCHWAB (CHARLES) CORP,SCHW
SERVICE CORP INTL,SCI
STEPAN CO,SCL
STEELCASE INC,SCS
SCANSOURCE,SCSC
SCULPTOR CAPITAL MANAGEMENT INC (A),SCU
SHOE CARNIVAL,SCVL
SECUREWORKS,SCWX
SANDRIDGE ENERGY,SD
SCHRODINGER,SDGR
SEAWORLD ENTERTAINMENT,SEAS
VIVID SEATS INC (A),SEAT
SEABOARD,SEB
SEALED AIR,SEE
SEER,SEER
SEI INVEST CO,SEIC
SELECT MEDICAL HOLDINGS,SEM
SENECA FOOD A,SENEA
SENSEONICS HOLDINGS,SENS
STIFEL FIN CORP,SF
SERVISFIRST BANCSHARES,SFBS
STITCH FIX CLASS A,SFIX
SFL CORPORATION LTD,SFL
SPROUTS FARMERS MARKET,SFM
SIMMONS FIRST NATIONAL CORP - CL A,SFNC
SOUTHERN FIRST BANCSHARES,SFST
SWEETGREEN,SG
SUPERIOR GROUP OF COMPANIES,SGC
SEAGEN INC,SGEN
SIGNIFY HEALTH,SGFY
SMART GLOBAL HOLDINGS,SGH
SIGHT SCIENCES,SGHT
SANGAMO THERAPEUTICS,SGMO
SURGERY PARTNERS,SGRY
SHAKE SHACK,SHAK
SHORE BANCSHARES INC,SHBI
SOTERA HEALTH,SHC
SHARECARE INC,SHCR
SHENANDOAH TELECOMS,SHEN
SHOALS TECHNOLOGIES GROUP,SHLS
SUNSTONE HOTEL INVESTORS,SHO
STEVEN MADDEN,SHOO
SHERWIN-WILLIAMS,SHW
THE SHYFT GROUP INC,SHYF
SILVERGATE CAPITAL,SI
SI-BONE,SIBN
SIGNET JEWELERS,SIG
SIGA TECH INC,SIGA
SELECTIVE INSURANCE GROUP,SIGI
SILK ROAD MEDICAL,SILK
SIRIUS XM HOLDINGS,SIRI
SITE CENTERS,SITC
SITEONE LANDSCAPE SUPPLY,SITE
SITIME,SITM
SVB FINANCIAL GROUP,SIVB
SIX FLAGS ENTERTAINMENT  CORP.,SIX
SOUTH JERSEY IND,SJI
J M SMUCKER,SJM
SJW GROUP,SJW
SKILLSOFT CORP (A),SKIL
BEAUTY HEALTH CO,SKIN
SKILLZ INC (A),SKLZ
TANGER FACTORY OUTLET CENTER,SKT
SKECHERS USA CL A,SKX
SKYLINE CHAMPION CORPORATION,SKY
SKYWATER TECHNOLOGY,SKYT
SKYWEST INC,SKYW
SILICON LABS,SLAB
SCHLUMBERGER,SLB
US SILICA HOLDINGS,SLCA
SOLID POWER INC (A),SLDP
SL GREEN REALTY,SLG
SOMALOGIC INC (A),SLGC
SILGAN HLDG INC,SLGN
SLM CORP,SLM
SIMULATIONS PLUS,SLP
SELECTQUOTE,SLQT
SYLVAMO,SLVM
SM ENERGY,SM
SMARTSHEET,SMAR
STHN MISSOURI,SMBC
SMARTFINANCIAL INC,SMBK
SUPER MICRO COMPUTER,SMCI
SEMA4 HOLDINGS CORP (A),SMFR
SCOTTS MIRACLE-GRO,SMG
SUMMIT FINANCIAL GROUP,SMMF
STD MOTOR PRODS,SMP
SIMPLY GOOD FOODS,SMPL
NUSCALE POWER CORPORATION (A),SMR
SMARTRENT INC,SMRT
SEMTECH CORP,SMTC
SNAP-ON INC,SNA
SLEEP NUMBER,SNBR
SCIENCE 37 HOLDINGS INC,SNCE
SUN COUNTRY AIRLINES HOLDINGS,SNCY
SCHNEIDER NATIONAL CL B,SNDR
SYNDAX PHARMACEUTICALS,SNDX
STONEX GROUP INC,SNEX
SNOWFLAKE,SNOW
SNAP ONE HOLDINGS,SNPO
SYNOPSYS INC,SNPS
SYNOVUS FINANCIAL CORP,SNV
TD SYNNEX CORP,SNX
SOUTHERN CO,SO
SOFI TECHNOLOGIES INC,SOFI
SOLARIS OILFIELD INFRASTRUCTURE,SOI
SONOCO PRODUCTS,SON
SONDER HOLDINGS INC,SOND
SONOS INC,SONO
SOVOS BRANDS,SOVO
SP PLUS,SP
SPECTRUM BRANDS HOLDINGS,SPB
VIRGIN GALACTIC HOLDINGS (A),SPCE
SOUTH PLAINS FINANCIAL,SPFI
SIMON PROPERTY GROUP,SPG
S&P GLOBAL,SPGI
SPIRE GLOBAL INC (A),SPIR
SPLUNK,SPLK
SEASPINE HOLDINGS CORP.,SPNE
SAPIENS INTERNATIONAL CORP,SPNS
SIRIUSPOINT LTD,SPNT
SPOTIFY TECHNOLOGY SA,SPOT
SPIRIT AEROSYSTEMS HOLDINGS INC. CL A,SPR
SPS COMMERCE,SPSC
SPROUT SOCIAL,SPT
SPARTANNASH,SPTN
SPORTMANS WAREHOUSE HOLDINGS,SPWH
SUNPOWER CORPORATION,SPWR
SPX CORP,SPXC
BLOCK INC (A),SQ
SQUARESPACE,SQSP
SPIRE INC.,SR
SPIRIT REALTY CAPITAL,SRC
1ST SOURCE,SRCE
STERICYCLE INC,SRCL
SURMODICS INC,SRDX
SEMPRA,SRE
SERITAGE GROWTH PROPERTIES,SRG
STONERIDGE,SRI
SORRENTO THERAPEUTICS INC,SRNE
SAREPTA THERAPEUTICS,SRPT
SIERRA ONCOLOGY,SRRA
SOUTHSTATE CORP,SSB
SIMPSON MANUFACTURING,SSD
SS&C TECHNOLOGIES HOLDINGS,SSNC
SCRIPPS (E.W) CLASS A,SSP
SSR MINING,SSRM
SHOTSPOTTER,SSTI
SHUTTERSTOCK INC,SSTK
SENSATA TECHNOLOGIES HOLDING PLC,ST
STAAR SURGICAL,STAA
STAG INDUSTRIAL,STAG
ISTAR INC.,STAR
S&T BANCORP,STBA
STEWART INFO,STC
STERIS PLC,STE
STEM INC (A),STEM
STEPSTONE GROUP,STEP
STERLING CHECK,STER
STAGWELL INC,STGW
SUNOPTA INC.,STKL
ONE GROUP HOSPITALITY,STKS
STEEL DYNAMICS,STLD
STONECO,STNE
SCORPIO TANKERS,STNG
STOKE THERAPEUTICS,STOK
STONEMOR INC,STON
STORE CAPITAL REIT,STOR
SITIO ROYALTIES CORP (A),STR
STRATEGIC EDUCATION,STRA
SARCOS TECHNOLOGY AND ROBOTICS CORP (A),STRC
STERLING INFRASTRUCTURE INC,STRL
SUTRO BIOPHARMA,STRO
STRATUS PROPERTIES INC,STRS
STARRY GROUP HOLDINGS INC (A),STRY
STATE STREET CORP.,STT
STARWOOD PROPERTY TRUST INC.,STWD
CONSTELLATION BRANDS A,STZ
SUN COMMUNITIES,SUI
SUMMIT MATERIALS,SUM
SUMO LOGIC,SUMO
SUNLIGHT FINANCIAL HOLDINGS INC (A),SUNL
SUPERNUS PHARMACEUTICALS,SUPN
SERVICE PROPERTIES TRUST,SVC
SHOCKWAVE MEDICAL,SWAV
SMITH AND WESSON BRANDS INC,SWBI
SWITCH,SWCH
SOLARWINDS,SWI
LATHAM GROUP,SWIM
STANLEY BLACK & DECKER,SWK
SWK HOLDINGS,SWKH
SKYWORKS SOLUTIONS INC,SWKS
SCHWEITZER-MAUDUIT INTL,SWM
SOUTHWESTERN ENERGY,SWN
SPRINGWORKS THERAPEUTICS,SWTX
SOUTHWEST GAS HOLDINGS,SWX
SUNCOKE ENERGY,SXC
STANDEX INTL,SXI
SENSIENT TECH,SXT
STOCK YARDS BANCORP,SYBT
SYNCHRONY FINANCIAL,SYF
STRYKER,SYK
SYNAPTICS,SYNA
SYNEOS HEALTH,SYNH
SYSCO CORP,SYY
AT&T,T
TRAVELCENTERS OF AMERICA INC,TA
TALOS ENERGY,TALO
TALARIS THERAPEUTICS,TALS
MOLSON COORS BEVERAGE COMPANY,TAP
TARSUS PHARMACEUTICALS,TARS
THE BANCORP,TBBK
TRUEBLUE,TBI
TRIUMPH BANCORP,TBK
THERAVANCE BIOPHARMA,TBPH
TEXAS CAPITAL BANCSHARES,TCBI
TRICO BANCSHARES,TCBK
THIRD COAST BANCSHARES,TCBX
TRICIDA,TCDA
TRANSCONTINENTAL REALTY INVESTORS INC,TCI
TACTILE SYSTEMS TECHNOLOGY,TCMD
THE CONTAINER STORE GROUP,TCS
TUCOWS,TCX
TERADATA,TDC
TRANSDIGM,TDG
TELADOC HEALTH,TDOC
TELEPHONE & DATA SYSTEMS,TDS
THREDUP,TDUP
TIDEWATER INC,TDW
TELEDYNE TECH,TDY
ATLASSIAN,TEAM
BIO-TECHNE,TECH
TELLURIAN,TELL
TENNECO,TEN
TENABLE HOLDINGS,TENB
TERADYNE,TER
TEREX CORP,TEX
TRUIST FINANCIAL CORPORATION,TFC
TFS FINANCIAL,TFSL
TELEFLEX INC,TFX
TREDEGAR CORP,TG
TRANSPHORM,TGAN
TEXTAINER GROUP HOLDINGS LTD.,TGH
TRIUMPH GROUP,TGI
TEGNA,TGNA
TARGET CORP,TGT
TG THERAPEUTICS INC,TGTX
TARGET HOSPITALITY CORP (A),TH
TENET HEALTHCARE,THC
FIRST FINL CORP,THFF
HANOVER INSURANCE GP,THG
THOR INDUSTRIES,THO
THERMON GROUP HOLDINGS,THR
GENTHERM,THRM
THORNE HEALTHTECH,THRN
THESEUS PHARMACEUTICALS,THRX
THRYV HOLDINGS,THRY
TREEHOUSE FOODS,THS
TREAN INSURANCE GROUP,TIG
INSTIL BIO,TIL
INTERFACE,TILE
TIPTREE INC,TIPT
TITAN MACHINERY,TITN
TJX COMPANIES,TJX
TEEKAY,TK
ALPHA TEKNOVA,TKNO
TIMKEN CO,TKR
TELOS,TLS
TILLYS,TLYS
TREACE MEDICAL CONCEPTS,TMCI
TRANSMEDICS GROUP,TMDX
TAYLOR MORRISON HOME II CORPORATION,TMHC
THERMO FISHER SCIENTIFIC,TMO
TOMPKINS FINANCIAL,TMP
TIMKENSTEEL CORP,TMST
T-MOBILE US INC.,TMUS
TERMINIX GLOBAL HOLDINGS INC,TMX
TENNANT CO,TNC
TANDEM DIABETES CARE,TNDM
TRINET GROUP,TNET
TANGO THERAPEUTICS INC,TNGX
TEEKAY TANKERS,TNK
TRAVEL PLUS LEISURE CO,TNL
TENON MEDICAL INC,TNON
TENAYA THERAPEUTICS,TNYA
THE ONCOLOGY INSTITUTE INC (A),TOI
TOLL BROTHERS,TOL
TOAST,TOST
TOWNE BANK,TOWN
TURNING POINT BRANDS,TPB
TUTOR PERINI,TPC
TRI POINTE HOMES INC,TPH
TPI COMPOSITES,TPIC
TEXAS PACIFIC LAND CORPORATION,TPL
TAPESTRY,TPR
TURNING POINT THERAPEUTICS,TPTX
TEMPUR SEALY INTERNATIONAL,TPX
TOOTSIE ROLL IND,TR
TEJON RANCH,TRC
LENDINGTREE,TREE
TREX COMPANY,TREX
TARGA RESOURCES CORP.,TRGP
TRIPADVISOR,TRIP
TRIMBLE,TRMB
TRUSTMARK CORP,TRMK
TRINITY INDS,TRN
TERRENO REALTY,TRNO
TRANSCAT,TRNS
PRICE (T. ROWE) GROUP,TROW
TRONOX HOLDINGS PLC,TROX
TRIMAS CORP.,TRS
TRUSTCO BANK,TRST
TRITON INTERNATIONAL,TRTN
TPG RE FINANCE TRUST,TRTX
TRANSUNION,TRU
TRUECAR,TRUE
TRUPANION,TRUP
TRAVELERS COS INC.,TRV
TRACTOR SUPPLY,TSCO
TRINSEO PLC,TSE
TESLA,TSLA
TYSON FOODS INC A,TSN
TUSIMPLE HOLDINGS,TSP
2SEVENTY BIO,TSVT
TRANE TECHNOLOGIES PLC,TT
TORO CO,TTC
TATTOOED CHEF INC (A),TTCF
THE TRADE DESK,TTD
TTEC HOLDINGS,TTEC
TETRA TECH INC,TTEK
TECHTARGET INC.,TTGT
TETRA TECHNOLOGIES,TTI
TTM TECHNOLOGIES,TTMI
TILE SHOP HOLDINGS,TTSH
TAKE-TWO INTERACTIVE SOFTWARE,TTWO
TUPPERWARE BRANDS CORP.,TUP
TRAVERE THERAPEUTICS INC,TVTX
TIVITY HEALTH,TVTY
TRADEWEB MARKETS,TW
TITAN INTL,TWI
THOUGHTWORKS HOLDING,TWKS
TWILIO,TWLO
HOSTESS BRANDS,TWNK
TWO HARBORS INVESTMENT,TWO
2U,TWOU
TWIST BIOSCIENCE,TWST
TWITTER,TWTR
10X GENOMICS,TXG
TEXAS INSTRUMENTS,TXN
TEXAS ROADHOUSE,TXRH
TEXTRON,TXT
TYLER TECHNOLOGIES,TYL
TYRA BIOSCIENCES,TYRA
UNITY SOFTWARE,U
UNDER ARMOUR CLASS C,UA
UNDER ARMOUR CLASS A,UAA
UNITED AIRLINES HOLDINGS INC,UAL
URSTADT BIDDLE PPTYS,UBA
UBER TECHNOLOGIES,UBER
UTD BANKSHARES,UBSI
UNITED COMMUNITY BANKS INC,UCBI
ULTRA CLEAN HOLDINGS,UCTT
UDEMY,UDMY
UDR,UDR
URBAN EDGE PROPERTIES,UE
URANIUM ENERGY CORP,UEC
UNIVERSAL ELECTRONICS,UEIC
UNITED FIRE GROUP,UFCS
UNIFI INC,UFI
UFP INDUSTRIES INC,UFPI
UFP TECHNOLOGIES,UFPT
UGI CORP HLDS,UGI
AMERCO,UHAL
UNIVERSAL HEALTH SERVICES B,UHS
UNIVERSAL HEALTH RLTY INCOME,UHT
UBIQUITI,UI
UNISYS CORP,UIS
FRONTIER GROUP HOLDINGS,ULCC
UNIVERSAL LOGISTICS HOLDINGS INC.,ULH
ULTA BEAUTY,ULTA
UMB FINL CO,UMBF
UMH PROPERTIES,UMH
UMPQUA HLDGS CP,UMPQ
UNIFIRST CORP,UNF
UNITED NATURAL FOODS,UNFI
UNITEDHEALTH GROUP,UNH
UNITI GROUP,UNIT
UNUM GROUP,UNM
UNION PACIFIC CORP,UNP
UNITY BANCORP,UNTY
UNIVAR SOLUTIONS INC,UNVR
URBAN ONE,UONE
URBAN ONE INC CL D,UONEK
WHEELS UP EXPERIENCE INC,UP
UPLAND SOFTWARE,UPLD
UNITED PARCEL SERVICE,UPS
UPSTART HOLDINGS,UPST
UPWORK,UPWK
URBAN OUTFITTERS,URBN
UR-ENERGY INC.,URG
UNITED RENTALS,URI
US BANCORP,USB
USCB FINANCIAL HOLDINGS INC (A),USCB
USERTESTING,USER
US FOODS HOLDING,USFD
U.S. LIME & MINERALS,USLM
U.S. CELLULAR CP,USM
USANA HEALTH SCIENCES,USNA
US PHYSICAL THERAPY INC,USPH
UNITED THERAPEUTICS,UTHR
UNIVERSAL TECHNICAL INSTITUTE,UTI
UNITIL CORP,UTL
UTAH MEDICAL PRODUCTS INC,UTMD
UTZ BRANDS INC (A),UTZ
ENERGY FUELS INC,UUUU
UNIVERSAL HLDGS,UVE
UNIVEST FINANCIAL CORPORATION,UVSP
UNIVERSAL CORP,UVV
UWM HOLDINGS CORPORATION (A),UWMC
VISA,V
MARRIOTT VACATIONS WORLDWIDE,VAC
VALARIS,VAL
VALUE LINE INC,VALU
VBI VACCINES,VBIV
VERITEX HOLDINGS INC,VBTX
VISTEON CORP.,VC
VERICEL,VCEL
VACASA INC (A),VCSA
VICTORY CAPITAL HOLDINGS CLASS A,VCTR
VERACYTE INC,VCYT
VECTRUS,VEC
VEECO INSTR INC,VECO
VEEVA SYSTEMS,VEEV
VELOCITY FINANCIAL INC,VEL
VERA THERAPEUTICS,VERA
VERITONE INC,VERI
VERU,VERU
VERVE THERAPEUTICS,VERV
VF CORP,VFC
VONAGE HOLDINGS,VG
VECTOR GP LTD,VGR
VALHI INC,VHI
VIA RENEWABLE INC,VIA
VIAVI SOLUTIONS,VIAV
VICI PROPERTIES,VICI
VICOR CORP,VICR
VIEW INC (A),VIEW
VIR BIOTECHNOLOGY,VIR
VIRTU FINANCIAL,VIRT
VITAL FARMS,VITL
MERIDIAN BIOSCIENCE,VIVO
VELO3D INC (A),VLD
VELODYNE LIDAR INC,VLDR
VILLAGE SUPER MARKET,VLGEA
VALERO ENERGY,VLO
VOLTA INC (A),VLTA
VALLEY NATIONAL BANCORP,VLY
VULCAN MATERIALS,VMC
VIMEO,VMEO
VALMONT INDS,VMI
VMWARE INC.,VMW
VANDA PHARMACEUTICALS,VNDA
VORNADO REALTY,VNO
VONTIER,VNT
VOYA FINANCIAL,VOYA
VISHAY PRECISION GROUP,VPG
VIEWRAY INC,VRAY
VIRIDIAN THERAPEUTICS INC,VRDN
VERIS RESIDENTIAL INC,VRE
VAREX IMAGING,VREX
VARONIS SYSTEMS,VRNS
VERINT SYSTEMS,VRNT
VERRA MOBILITY CORPORATION (A),VRRM
VERISK ANALYTICS,VRSK
VERISIGN INC,VRSN
VERTIV HOLDINGS CO (A),VRT
VIRTUS INVESTMENT PARTNERS INC.,VRTS
VERITIV CORP.,VRTV
VERTEX PHARM,VRTX
VIASAT,VSAT
VICTORIAS SECRET & CO,VSCO
VSE CORP,VSEC
VISHAY INTERTECH,VSH
VISTRA CORP,VST
VISTA OUTDOOR,VSTO
VISTAGEN THERAPEUTICS,VTGN
VERTEX ENERGY INC.,VTNR
BRISTOW GROUP INC,VTOL
VENTAS INC,VTR
VIATRIS,VTRS
VENTYX BIOSCIENCES,VTYX
VUZIX CORP,VUZI
VIAD CORP,VVI
VIVINT SMART HOME INC (A),VVNT
VALVOLINE,VVV
VINTAGE WINE ESTATES,VWE
VAXART,VXRT
VERIZON COMMUNICATIONS,VZ
VIZIO HOLDING,VZIO
WAYFAIR,W
WABTEC,WAB
WESTAMERICA  BANCP,WABC
WASHINGTON FEDERAL,WAFD
WESTERN ALLIANCE BANCORP,WAL
WASHINGTON TRUST BANCORP,WASH
WATERS CORP,WAT
WALGREENS BOOTS ALLIANCE,WBA
WARNER BROS DISCOVERY INC,WBD
WEBSTER FINANCIAL,WBS
WELBILT,WBT
WESCO INTERNATIONAL,WCC
WALKER & DUNLOP,WD
WORKDAY,WDAY
WESTERN DIGITAL,WDC
WD-40 CO,WDFC
WEWORK INC (A),WE
WEAVE COMMUNICATIONS,WEAV
WEBER,WEBR
WEC ENERGY GROUP,WEC
WEJO GROUP LIMITED (A),WEJO
WELLTOWER INC.,WELL
WENDYS COMPANY,WEN
WERNER ENTERPRISES,WERN
WISDOMTREE INVESTMENTS,WETF
WEX,WEX
WEYCO GRP INC,WEYS
WELLS FARGO & COMPANY,WFC
WEATHERFORD INTERNATIONAL,WFRD
WINNEBAGO INDS,WGO
WYNDHAM HOTELS & RESORTS,WH
CACTUS CLASS A,WHD
WHIRLPOOL CORP,WHR
WINMARK CORP,WINA
WINGSTOP,WING
ENCORE WIRE,WIRE
CONTEXTLOGIC INC,WISH
WIX.COM,WIX
WORKIVA,WK
WORKHORSE GROUP,WKHS
WILLDAN GROUP,WLDN
WESTLAKE CORPORATION,WLK
WHITING PETROLEUM,WLL
WILEY (JOHN) & SONS - CL A,WLY
WASTE MGMT INC,WM
WILLIAMS COS,WMB
WEIS MARKETS,WMK
ADVANCED DRAINAGE SYSTEMS,WMS
WALMART,WMT
WABASH NATIONAL,WNC
WOLFSPEED INC,WOLF
PETCO HEALTH AND WELLNESS,WOOF
WORTHINGTON INDS,WOR
WIDEOPENWEST,WOW
W. P. CAREY INC.,WPC
BERKLEY W R,WRB
WARBY PARKER,WRBY
WASHINGTON REAL ESTATE INV,WRE
WESTROCK COMPANY,WRK
WORLD ACCEPTANCE,WRLD
WESBANCO,WSBC
WATERSTONE FINANCIAL,WSBF
WILLSCOT MOBILE MINI HOLDINGS CORP,WSC
WSFS FINANCIAL CORP,WSFS
WILLIAMS SONOMA,WSM
WATSCO INC,WSO
WHITESTONE REIT,WSR
WEST PHARM SVCS,WST
WEST BANCORPORATION,WTBA
WINTRUST FINANCIAL CORP,WTFC
W&T OFFSHORE,WTI
WHITE MOUNTAINS INSURANCE,WTM
ESSENTIAL UTILITIES INC,WTRG
WATTS WATER TECHNOLOGIES,WTS
SELECT ENERGY SERVICES,WTTR
WILLIS TOWERS WATSON PLC,WTW
WESTERN UNION,WU
TERAWULF INC,WULF
WW INTERNATIONAL INC,WW
WOODWARD,WWD
WWF ENTMNT,WWE
WOLVERINE WORLD WIDE,WWW
WEYERHAEUSER,WY
WYNN RESORTS,WYNN
UNITED STATES STEEL CORP,X
XCEL ENERGY,XEL
XERIS BIOPHARMA HOLDINGS INC,XERS
XENIA HOTELS & RESORTS,XHR
XOMETRY,XMTR
XENCOR,XNCR
EXXON MOBIL CORPORATION,XOM
XOS INC (A),XOS
XPEL INC,XPEL
XPERI HOLDING CORPORATION,XPER
XPO LOGISTICS,XPO
XPONENTIAL FITNESS,XPOF
EXPRO GROUP HOLDINGS NV,XPRO
DENTSPLY SIRONA,XRAY
XEROX HOLDINGS,XRX
22ND CENTURY GROUP INC.,XXII
XYLEM INC.,XYL
ALLEGHANY,Y
YELP,YELP
YETI HOLDINGS,YETI
YEXT,YEXT
Y-MABS THERAPEUTICS,YMAB
YORK WATER CO,YORW
CLEAR SECURE INC,YOU
YUM BRANDS,YUM
ZILLOW GROUP CL C,Z
ZIMMER BIOMET HOLDINGS,ZBH
ZEBRA TECHNOLOGIES,ZBRA
ZIFF DAVIS INC,ZD
ZENDESK,ZEN
ZETA GLOBAL HOLDINGS,ZETA
OLYMPIC STEEL,ZEUS
LIGHTNING EMOTORS INC,ZEV
ZILLOW GROUP,ZG
ERMENEGILDO ZENGA N V (A),ZGN
ZOOMINFO TECHNOLOGIES,ZI
ZIMVIE,ZIMV
ZIONS BANCORPORATION N.A.,ZION
ZIPRECRUITER,ZIP
ZOOM VIDEO COMMUNICATIONS,ZM
ZENTALIS PHARMACEUTICALS,ZNTL
ZSCALER,ZS
ZOETIS,ZTS
ZUMIEZ,ZUMZ
ZUORA,ZUO
ZURN WATER SOLUTIONS CORPORATION,ZWS
ZYNEX,ZYXI
